DistributorID,AgentID,CustNo,RouteDate,StopNo,Name,WD,SalesManTerritory,latitude,longitude,dayno,distancetonextstore
11814,SK-DP4,7K010857,2025-11-03,1,7K010857,1,SK-DP4,6.07029833,125.1429533,1,0.042
11814,SK-DP4,7K010668,2025-11-03,2,7K010668,1,SK-DP4,6.06996833,125.1427733,1,0.069
11814,SK-DP4,7K010670,2025-11-03,3,7K010670,1,SK-DP4,6.07042,125.1423483,1,0.015
11814,SK-DP4,7K010671,2025-11-03,4,7K010671,1,SK-DP4,6.07036167,125.1422267,1,0.044
11814,SK-DP4,7K010739,2025-11-03,5,7K010739,1,SK-DP4,6.07075,125.1421467,1,0.008
11814,SK-DP4,7K010022,2025-11-03,6,7K010022,1,SK-DP4,6.07082,125.142125,1,0.021
11814,SK-DP4,7K010018,2025-11-03,7,7K010018,1,SK-DP4,6.070845,125.142315,1,0.02
11814,SK-DP4,7K010028,2025-11-03,8,7K010028,1,SK-DP4,6.07083333,125.1424933,1,0.053
11814,SK-DP4,7K010077,2025-11-03,9,7K010077,1,SK-DP4,6.07101167,125.1429417,1,0.037
11814,SK-DP4,7K010003,2025-11-03,10,7K010003,1,SK-DP4,6.071345,125.1429,1,0.011
11814,SK-DP4,7K010017,2025-11-03,11,7K010017,1,SK-DP4,6.07140167,125.1429867,1,0.007
11814,SK-DP4,7K010005,2025-11-03,12,7K010005,1,SK-DP4,6.07146167,125.1429867,1,0.025
11814,SK-DP4,7K010016,2025-11-03,13,7K010016,1,SK-DP4,6.07169,125.1430067,1,0.018
11814,SK-DP4,7K010078,2025-11-03,14,7K010078,1,SK-DP4,6.07180667,125.1428933,1,0.031
11814,SK-DP4,7K010006,2025-11-03,15,7K010006,1,SK-DP4,6.07208333,125.1428667,1,0.078
11814,SK-DP4,7K010019,2025-11-03,16,7K010019,1,SK-DP4,6.071655,125.14231,1,0.022
11814,SK-DP4,7K010020,2025-11-03,17,7K010020,1,SK-DP4,6.07161833,125.1421117,1,0.021
11814,SK-DP4,7K010021,2025-11-03,18,7K010021,1,SK-DP4,6.071435,125.1421383,1,0.082
11814,SK-DP4,7K010672,2025-11-03,19,7K010672,1,SK-DP4,6.07085667,125.141685,1,0.066
11814,SK-DP4,7K010332,2025-11-03,20,7K010332,1,SK-DP4,6.07080333,125.141095,1,0.032
11814,SK-DP4,7K010333,2025-11-03,21,7K010333,1,SK-DP4,6.07082,125.1408067,1,0.039
11814,SK-DP4,7K010337,2025-11-03,22,7K010337,1,SK-DP4,6.07117167,125.1408417,1,0.02
11814,SK-DP4,7K010334,2025-11-03,23,7K010334,1,SK-DP4,6.07124333,125.1406783,1,0.03
11814,SK-DP4,7K010350,2025-11-03,24,7K010350,1,SK-DP4,6.07107167,125.1404683,1,0.01
11814,SK-DP4,7K010467,2025-11-03,25,7K010467,1,SK-DP4,6.071005,125.1404083,1,0.03
11814,SK-DP4,7K010351,2025-11-03,26,7K010351,1,SK-DP4,6.07074333,125.1403367,1,0.037
11814,SK-DP4,7K010469,2025-11-03,27,7K010469,1,SK-DP4,6.07085667,125.1400233,1,0.011
11814,SK-DP4,7K010352,2025-11-03,28,7K010352,1,SK-DP4,6.07095833,125.14004,1,0.04
11814,SK-DP4,7K010353,2025-11-03,29,7K010353,1,SK-DP4,6.07132,125.140025,1,0.024
11814,SK-DP4,7K010354,2025-11-03,30,7K010354,1,SK-DP4,6.071535,125.1400417,1,0.026
11814,SK-DP4,7K010345,2025-11-03,31,7K010345,1,SK-DP4,6.07157667,125.1402767,1,0.016
11814,SK-DP4,7K010347,2025-11-03,32,7K010347,1,SK-DP4,6.07143167,125.140305,1,0.022
11814,SK-DP4,7K010344,2025-11-03,33,7K010344,1,SK-DP4,6.071565,125.14045,1,0.016
11814,SK-DP4,7K010346,2025-11-03,34,7K010346,1,SK-DP4,6.071625,125.1405783,1,0.007
11814,SK-DP4,7K010372,2025-11-03,35,7K010372,1,SK-DP4,6.07161,125.14064,1,0.013
11814,SK-DP4,7K010343,2025-11-03,36,7K010343,1,SK-DP4,6.07159,125.140755,1,0.007
11814,SK-DP4,7K010338,2025-11-03,37,7K010338,1,SK-DP4,6.07161833,125.1408133,1,0.021
11814,SK-DP4,7K010340,2025-11-03,38,7K010340,1,SK-DP4,6.07163833,125.1410017,1,0.026
11814,SK-DP4,7K010113,2025-11-03,39,7K010113,1,SK-DP4,6.07159167,125.14123,1,0.011
11814,SK-DP4,7K010027,2025-11-03,40,7K010027,1,SK-DP4,6.071535,125.1413117,1,0.001
11814,SK-DP4,7K010025,2025-11-03,41,7K010025,1,SK-DP4,6.07152833,125.1413233,1,0.039
11814,SK-DP4,7K010026,2025-11-03,42,7K010026,1,SK-DP4,6.071875,125.1412483,1,0.075
11814,SK-DP4,7K010335,2025-11-03,43,7K010335,1,SK-DP4,6.07123167,125.1410483,1,0.093
11814,SK-DP4,7K010638,2025-11-03,44,7K010638,1,SK-DP4,6.07039167,125.1410483,1,0.021
11814,SK-DP4,7K010637,2025-11-03,45,7K010637,1,SK-DP4,6.07040167,125.1408583,1,0.046
11814,SK-DP4,7K010641,2025-11-03,46,7K010641,1,SK-DP4,6.07040333,125.1412717,1,0.049
11814,SK-DP4,7K010632,2025-11-03,47,7K010632,1,SK-DP4,6.07002667,125.1410433,1,0.042
11814,SK-DP4,7K010642,2025-11-03,48,7K010642,1,SK-DP4,6.06968,125.1408867,1,0.042
11814,SK-DP4,7K010696,2025-11-03,49,7K010696,1,SK-DP4,6.06971,125.1412667,1,0.034
11814,SK-DP4,7K010650,2025-11-03,50,7K010650,1,SK-DP4,6.069405,125.1412367,1,0.094
11814,SK-DP4,7K010375,2025-11-03,51,7K010375,1,SK-DP4,6.06992667,125.140565,1,0.064
11814,SK-DP4,7K010371,2025-11-03,52,7K010371,1,SK-DP4,6.07006167,125.140005,1,0.032
11814,SK-DP4,7K010634,2025-11-03,53,7K010634,1,SK-DP4,6.070345,125.1399483,1,0.016
11814,SK-DP4,7K010640,2025-11-03,54,7K010640,1,SK-DP4,6.07035667,125.1400917,1,0.158
11814,SK-DP4,7K010472,2025-11-03,55,7K010472,1,SK-DP4,6.07177667,125.140035,1,0.022
11814,SK-DP4,7K010363,2025-11-03,56,7K010363,1,SK-DP4,6.071965,125.1400967,1,0.009
11814,SK-DP4,7K010355,2025-11-03,57,7K010355,1,SK-DP4,6.07197333,125.1401733,1,0.02
11814,SK-DP4,7K010362,2025-11-03,58,7K010362,1,SK-DP4,6.0721,125.140045,1,0.015
11814,SK-DP4,7K010474,2025-11-03,59,7K010474,1,SK-DP4,6.07222333,125.1400883,1,0.033
11814,SK-DP4,7K010360,2025-11-03,60,7K010360,1,SK-DP4,6.07237667,125.14034,1,0.0
11814,SK-DP4,7K014205,2025-11-04,1,7K014205,2,SK-DP4,6.08700833,125.13184,2,0.021
11814,SK-DP4,7K014113,2025-11-04,2,7K014113,2,SK-DP4,6.08681833,125.1318683,2,0.044
11814,SK-DP4,7K013917,2025-11-04,3,7K013917,2,SK-DP4,6.08679167,125.132265,2,0.043
11814,SK-DP4,7K013895,2025-11-04,4,7K013895,2,SK-DP4,6.08711667,125.1324783,2,0.106
11814,SK-DP4,7K013869,2025-11-04,5,7K013869,2,SK-DP4,6.08806333,125.1323867,2,0.066
11814,SK-DP4,7K013896,2025-11-04,6,7K013896,2,SK-DP4,6.08838167,125.1318867,2,0.016
11814,SK-DP4,7K013870,2025-11-04,7,7K013870,2,SK-DP4,6.08831833,125.1317567,2,0.01
11814,SK-DP4,7K013894,2025-11-04,8,7K013894,2,SK-DP4,6.08825833,125.1316867,2,0.032
11814,SK-DP4,7K014114,2025-11-04,9,7K014114,2,SK-DP4,6.08814667,125.13142,2,0.019
11814,SK-DP4,7K014119,2025-11-04,10,7K014119,2,SK-DP4,6.08810333,125.1312517,2,0.036
11814,SK-DP4,7K014210,2025-11-04,11,7K014210,2,SK-DP4,6.08792667,125.1315233,2,0.016
11814,SK-DP4,7K014120,2025-11-04,12,7K014120,2,SK-DP4,6.08778833,125.1315433,2,0.082
11814,SK-DP4,7K013893,2025-11-04,13,7K013893,2,SK-DP4,6.08848167,125.131295,2,0.031
11814,SK-DP4,7K013930,2025-11-04,14,7K013930,2,SK-DP4,6.08874,125.1312,2,0.011
11814,SK-DP4,7K014206,2025-11-04,15,7K014206,2,SK-DP4,6.08882333,125.1311433,2,0.03
11814,SK-DP4,7K014117,2025-11-04,16,7K014117,2,SK-DP4,6.08882333,125.1308733,2,0.058
11814,SK-DP4,7K014116,2025-11-04,17,7K014116,2,SK-DP4,6.08836667,125.1306217,2,0.106
11814,SK-DP4,7K014115,2025-11-04,18,7K014115,2,SK-DP4,6.08931833,125.13071,2,0.058
11814,SK-DP4,7K013898,2025-11-04,19,7K013898,2,SK-DP4,6.08956833,125.13117,2,0.004
11814,SK-DP4,7K013926,2025-11-04,20,7K013926,2,SK-DP4,6.08956667,125.1312017,2,0.023
11814,SK-DP4,7K013892,2025-11-04,21,7K013892,2,SK-DP4,6.08937667,125.1312717,2,0.054
11814,SK-DP4,7K013929,2025-11-04,22,7K013929,2,SK-DP4,6.08893333,125.1314617,2,0.059
11814,SK-DP4,7K013897,2025-11-04,23,7K013897,2,SK-DP4,6.08920833,125.1319167,2,0.064
11814,SK-DP4,7K013871,2025-11-04,24,7K013871,2,SK-DP4,6.088635,125.1319033,2,0.22
11814,SK-DP4,7K013872,2025-11-04,25,7K013872,2,SK-DP4,6.09045333,125.13112,2,0.023
11814,SK-DP4,7K013907,2025-11-04,26,7K013907,2,SK-DP4,6.09061,125.1312617,2,0.038
11814,SK-DP4,7K013886,2025-11-04,27,7K013886,2,SK-DP4,6.09084667,125.1310117,2,0.028
11814,SK-DP4,7K013888,2025-11-04,28,7K013888,2,SK-DP4,6.090945,125.1307783,2,0.063
11814,SK-DP4,7K013890,2025-11-04,29,7K013890,2,SK-DP4,6.09102,125.1302117,2,0.052
11814,SK-DP4,7K013925,2025-11-04,30,7K013925,2,SK-DP4,6.090555,125.130275,2,0.025
11814,SK-DP4,7K013891,2025-11-04,31,7K013891,2,SK-DP4,6.09033,125.1302483,2,0.127
11814,SK-DP4,7K013889,2025-11-04,32,7K013889,2,SK-DP4,6.09143667,125.1299667,2,0.151
11814,SK-DP4,7K013885,2025-11-04,33,7K013885,2,SK-DP4,6.09123167,125.1313167,2,0.021
11814,SK-DP4,7K013910,2025-11-04,34,7K013910,2,SK-DP4,6.09109833,125.131455,2,0.033
11814,SK-DP4,7K013873,2025-11-04,35,7K013873,2,SK-DP4,6.09086667,125.1316433,2,0.028
11814,SK-DP4,7K013908,2025-11-04,36,7K013908,2,SK-DP4,6.09098833,125.131865,2,0.006
11814,SK-DP4,7K013875,2025-11-04,37,7K013875,2,SK-DP4,6.091045,125.13186,2,0.006
11814,SK-DP4,7K013874,2025-11-04,38,7K013874,2,SK-DP4,6.09105333,125.1319133,2,0.024
11814,SK-DP4,7K013911,2025-11-04,39,7K013911,2,SK-DP4,6.09118333,125.1320883,2,0.042
11814,SK-DP4,7K013877,2025-11-04,40,7K013877,2,SK-DP4,6.09156,125.1320783,2,0.065
11814,SK-DP4,7K013884,2025-11-04,41,7K013884,2,SK-DP4,6.09214333,125.13205,2,0.05
11814,SK-DP4,7K013883,2025-11-04,42,7K013883,2,SK-DP4,6.09246667,125.1323617,2,0.027
11814,SK-DP4,7K013878,2025-11-04,43,7K013878,2,SK-DP4,6.092265,125.132505,2,0.053
11814,SK-DP4,7K013879,2025-11-04,44,7K013879,2,SK-DP4,6.09210167,125.1329567,2,0.025
11814,SK-DP4,7K013913,2025-11-04,45,7K013913,2,SK-DP4,6.09194167,125.13311,2,0.041
11814,SK-DP4,7K013880,2025-11-04,46,7K013880,2,SK-DP4,6.09208667,125.1334533,2,0.101
11814,SK-DP4,7K013914,2025-11-04,47,7K013914,2,SK-DP4,6.092605,125.1342067,2,0.062
11814,SK-DP4,7K013881,2025-11-04,48,7K013881,2,SK-DP4,6.09286833,125.1347,2,0.024
11814,SK-DP4,7K013882,2025-11-04,49,7K013882,2,SK-DP4,6.09269667,125.1348333,2,0.37
11814,SK-DP4,7K013876,2025-11-04,50,7K013876,2,SK-DP4,6.090795,125.13209,2,0.18
11814,SK-DP4,7K013887,2025-11-04,51,7K013887,2,SK-DP4,6.09221833,125.13131,2,0.594
11814,SK-DP4,7K013612,2025-11-04,52,7K013612,2,SK-DP4,6.088235,125.127735,2,0.05
11814,SK-DP4,7K013689,2025-11-04,53,7K013689,2,SK-DP4,6.08784167,125.1279617,2,0.394
11814,SK-DP4,7K014121,2025-11-04,54,7K014121,2,SK-DP4,6.08652833,125.1312717,2,0.048
11814,SK-DP4,7K014122,2025-11-04,55,7K014122,2,SK-DP4,6.08610833,125.131385,2,0.059
11814,SK-DP4,7K014204,2025-11-04,56,7K014204,2,SK-DP4,6.08587333,125.1318667,2,0.038
11814,SK-DP4,7K013918,2025-11-04,57,7K013918,2,SK-DP4,6.08565667,125.1321283,2,0.043
11814,SK-DP4,7K013868,2025-11-04,58,7K013868,2,SK-DP4,6.08583,125.1324767,2,0.114
11814,SK-DP4,7K014123,2025-11-04,59,7K014123,2,SK-DP4,6.08554333,125.1314833,2,0.661
11814,SK-DP4,7K012704,2025-11-04,60,7K012704,2,SK-DP4,6.08939833,125.136035,2,0.0
11814,SK-DP4,7K016363,2025-11-05,1,7K016363,3,SK-DP4,6.08937,125.1493567,3,0.047
11814,SK-DP4,7K016405,2025-11-05,2,7K016405,3,SK-DP4,6.08909,125.1490367,3,0.004
11814,SK-DP4,7K016358,2025-11-05,3,7K016358,3,SK-DP4,6.08908167,125.149005,3,0.007
11814,SK-DP4,7K016354,2025-11-05,4,7K016354,3,SK-DP4,6.0891,125.1489433,3,0.032
11814,SK-DP4,7K016272,2025-11-05,5,7K016272,3,SK-DP4,6.08884167,125.1490683,3,0.021
11814,SK-DP4,7K016406,2025-11-05,6,7K016406,3,SK-DP4,6.08886833,125.1492583,3,0.005
11814,SK-DP4,7K016359,2025-11-05,7,7K016359,3,SK-DP4,6.08882167,125.1492683,3,0.057
11814,SK-DP4,7K016269,2025-11-05,8,7K016269,3,SK-DP4,6.08848,125.1488783,3,0.024
11814,SK-DP4,7K016268,2025-11-05,9,7K016268,3,SK-DP4,6.088535,125.148665,3,0.011
11814,SK-DP4,7K016267,2025-11-05,10,7K016267,3,SK-DP4,6.08854667,125.1485667,3,0.023
11814,SK-DP4,7K016266,2025-11-05,11,7K016266,3,SK-DP4,6.08850333,125.148365,3,0.043
11814,SK-DP4,7K016270,2025-11-05,12,7K016270,3,SK-DP4,6.08822833,125.1486367,3,0.03
11814,SK-DP4,7K016402,2025-11-05,13,7K016402,3,SK-DP4,6.08804833,125.148835,3,0.138
11814,SK-DP4,7K016362,2025-11-05,14,7K016362,3,SK-DP4,6.08880333,125.1498217,3,0.046
11814,SK-DP4,7K016259,2025-11-05,15,7K016259,3,SK-DP4,6.08909167,125.15012,3,0.019
11814,SK-DP4,7K016260,2025-11-05,16,7K016260,3,SK-DP4,6.08925667,125.1500617,3,0.017
11814,SK-DP4,7K016407,2025-11-05,17,7K016407,3,SK-DP4,6.089265,125.1499117,3,0.062
11814,SK-DP4,7K016257,2025-11-05,18,7K016257,3,SK-DP4,6.08893167,125.1503583,3,0.025
11814,SK-DP4,7K016271,2025-11-05,19,7K016271,3,SK-DP4,6.08890833,125.1505833,3,0.027
11814,SK-DP4,7K016409,2025-11-05,20,7K016409,3,SK-DP4,6.088905,125.15083,3,0.011
11814,SK-DP4,7K016256,2025-11-05,21,7K016256,3,SK-DP4,6.08892167,125.1509317,3,0.016
11814,SK-DP4,7K013557,2025-11-05,22,7K013557,3,SK-DP4,6.08901833,125.1510383,3,0.016
11814,SK-DP4,7K013553,2025-11-05,23,7K013553,3,SK-DP4,6.08889833,125.1511167,3,0.013
11814,SK-DP4,7K013550,2025-11-05,24,7K013550,3,SK-DP4,6.08883167,125.1512083,3,0.025
11814,SK-DP4,7K013548,2025-11-05,25,7K013548,3,SK-DP4,6.08890667,125.1514217,3,0.046
11814,SK-DP4,7K013195,2025-11-05,26,7K013195,3,SK-DP4,6.088855,125.15183,3,0.004
11814,SK-DP4,7K013194,2025-11-05,27,7K013194,3,SK-DP4,6.08882833,125.15186,3,0.006
11814,SK-DP4,7K013178,2025-11-05,28,7K013178,3,SK-DP4,6.08877167,125.1518583,3,0.02
11814,SK-DP4,7K013193,2025-11-05,29,7K013193,3,SK-DP4,6.08887667,125.152005,3,0.023
11814,SK-DP4,7K013541,2025-11-05,30,7K013541,3,SK-DP4,6.08902833,125.1521433,3,0.033
11814,SK-DP4,7K013181,2025-11-05,31,7K013181,3,SK-DP4,6.08891333,125.15242,3,0.013
11814,SK-DP4,7K013188,2025-11-05,32,7K013188,3,SK-DP4,6.088965,125.1525217,3,0.022
11814,SK-DP4,7K013189,2025-11-05,33,7K013189,3,SK-DP4,6.08915833,125.15257,3,0.011
11814,SK-DP4,7K013190,2025-11-05,34,7K013190,3,SK-DP4,6.08925167,125.1525933,3,0.02
11814,SK-DP4,7K013191,2025-11-05,35,7K013191,3,SK-DP4,6.08921167,125.1527717,3,0.089
11814,SK-DP4,7K013183,2025-11-05,36,7K013183,3,SK-DP4,6.08848167,125.1531033,3,0.016
11814,SK-DP4,7K013187,2025-11-05,37,7K013187,3,SK-DP4,6.08834833,125.1531617,3,0.024
11814,SK-DP4,7K013540,2025-11-05,38,7K013540,3,SK-DP4,6.088315,125.1529467,3,0.043
11814,SK-DP4,7K013186,2025-11-05,39,7K013186,3,SK-DP4,6.08813833,125.1532967,3,0.106
11814,SK-DP4,7K013536,2025-11-05,40,7K013536,3,SK-DP4,6.08823333,125.1523433,3,0.011
11814,SK-DP4,7K013535,2025-11-05,41,7K013535,3,SK-DP4,6.08824333,125.152245,3,0.011
11814,SK-DP4,7K013533,2025-11-05,42,7K013533,3,SK-DP4,6.088145,125.1522417,3,0.038
11814,SK-DP4,7K013198,2025-11-05,43,7K013198,3,SK-DP4,6.08828833,125.1519333,3,0.006
11814,SK-DP4,7K013199,2025-11-05,44,7K013199,3,SK-DP4,6.088245,125.151905,3,0.004
11814,SK-DP4,7K013175,2025-11-05,45,7K013175,3,SK-DP4,6.08821833,125.1518767,3,0.016
11814,SK-DP4,7K013197,2025-11-05,46,7K013197,3,SK-DP4,6.08833833,125.15195,3,0.015
11814,SK-DP4,7K013176,2025-11-05,47,7K013176,3,SK-DP4,6.08838833,125.151825,3,0.014
11814,SK-DP4,7K013177,2025-11-05,48,7K013177,3,SK-DP4,6.088515,125.15181,3,0.013
11814,SK-DP4,7K013196,2025-11-05,49,7K013196,3,SK-DP4,6.08856,125.15192,3,0.071
11814,SK-DP4,7K013562,2025-11-05,50,7K013562,3,SK-DP4,6.088515,125.15128,3,0.016
11814,SK-DP4,7K013566,2025-11-05,51,7K013566,3,SK-DP4,6.088375,125.15128,3,0.099
11814,SK-DP4,7K013505,2025-11-05,52,7K013505,3,SK-DP4,6.08783667,125.151995,3,0.012
11814,SK-DP4,7K013530,2025-11-05,53,7K013530,3,SK-DP4,6.08773667,125.1519633,3,0.019
11814,SK-DP4,7K013173,2025-11-05,54,7K013173,3,SK-DP4,6.08756667,125.1519983,3,0.017
11814,SK-DP4,7K013172,2025-11-05,55,7K013172,3,SK-DP4,6.08743,125.151925,3,0.005
11814,SK-DP4,7K013171,2025-11-05,56,7K013171,3,SK-DP4,6.087415,125.151965,3,0.005
11814,SK-DP4,7K013170,2025-11-05,57,7K013170,3,SK-DP4,6.08737833,125.1519467,3,0.01
11814,SK-DP4,7K013531,2025-11-05,58,7K013531,3,SK-DP4,6.08732167,125.152015,3,0.223
11814,SK-DP4,7K013542,2025-11-05,59,7K013542,3,SK-DP4,6.08931833,125.1518017,3,0.149
11814,SK-DP4,7K016262,2025-11-05,60,7K016262,3,SK-DP4,6.089465,125.1504617,3,0.0
11814,SK-DP4,7K010617,2025-11-06,1,7K010617,4,SK-DP4,6.072015,125.1472067,4,0.039
11814,SK-DP4,7K010625,2025-11-06,2,7K010625,4,SK-DP4,6.07209333,125.1475517,4,0.034
11814,SK-DP4,7K010614,2025-11-06,3,7K010614,4,SK-DP4,6.07235333,125.147705,4,0.048
11814,SK-DP4,7K010613,2025-11-06,4,7K010613,4,SK-DP4,6.07221333,125.1481133,4,0.032
11814,SK-DP4,7K010610,2025-11-06,5,7K010610,4,SK-DP4,6.07193833,125.14804,4,0.011
11814,SK-DP4,7K010627,2025-11-06,6,7K010627,4,SK-DP4,6.07186333,125.1481083,4,0.004
11814,SK-DP4,7K010628,2025-11-06,7,7K010628,4,SK-DP4,6.07182667,125.148125,4,0.032
11814,SK-DP4,7K010434,2025-11-06,8,7K010434,4,SK-DP4,6.07167167,125.14837,4,0.061
11814,SK-DP4,7K010051,2025-11-06,9,7K010051,4,SK-DP4,6.07114167,125.1485233,4,0.008
11814,SK-DP4,7K010421,2025-11-06,10,7K010421,4,SK-DP4,6.07106833,125.1485267,4,0.012
11814,SK-DP4,7K010418,2025-11-06,11,7K010418,4,SK-DP4,6.07112167,125.14843,4,0.053
11814,SK-DP4,7K010049,2025-11-06,12,7K010049,4,SK-DP4,6.071075,125.14891,4,0.003
11814,SK-DP4,7K010422,2025-11-06,13,7K010422,4,SK-DP4,6.07104667,125.1489183,4,0.015
11814,SK-DP4,7K010048,2025-11-06,14,7K010048,4,SK-DP4,6.07107833,125.1490517,4,0.035
11814,SK-DP4,7K010629,2025-11-06,15,7K010629,4,SK-DP4,6.071375,125.14896,4,0.069
11814,SK-DP4,7K010047,2025-11-06,16,7K010047,4,SK-DP4,6.07107333,125.1495033,4,0.034
11814,SK-DP4,7K010046,2025-11-06,17,7K010046,4,SK-DP4,6.07083167,125.1496883,4,0.014
11814,SK-DP4,7K010428,2025-11-06,18,7K010428,4,SK-DP4,6.07073833,125.1497667,4,0.027
11814,SK-DP4,7K010430,2025-11-06,19,7K010430,4,SK-DP4,6.0705,125.1497067,4,0.033
11814,SK-DP4,7K010424,2025-11-06,20,7K010424,4,SK-DP4,6.07069667,125.1494867,4,0.011
11814,SK-DP4,7K010425,2025-11-06,21,7K010425,4,SK-DP4,6.07070333,125.1493883,4,0.051
11814,SK-DP4,7K010042,2025-11-06,22,7K010042,4,SK-DP4,6.07024333,125.14941,4,0.012
11814,SK-DP4,7K010043,2025-11-06,23,7K010043,4,SK-DP4,6.07021,125.149515,4,0.016
11814,SK-DP4,7K010044,2025-11-06,24,7K010044,4,SK-DP4,6.070195,125.149655,4,0.057
11814,SK-DP4,7K010423,2025-11-06,25,7K010423,4,SK-DP4,6.07016,125.1491433,4,0.06
11814,SK-DP4,7K010038,2025-11-06,26,7K010038,4,SK-DP4,6.07025167,125.148605,4,0.028
11814,SK-DP4,7K010417,2025-11-06,27,7K010417,4,SK-DP4,6.07049333,125.1485383,4,0.041
11814,SK-DP4,7K010416,2025-11-06,28,7K010416,4,SK-DP4,6.07045,125.1481733,4,0.032
11814,SK-DP4,7K010036,2025-11-06,29,7K010036,4,SK-DP4,6.07028833,125.1479317,4,0.004
11814,SK-DP4,7K010415,2025-11-06,30,7K010415,4,SK-DP4,6.070255,125.1479383,4,0.092
11814,SK-DP4,7K010414,2025-11-06,31,7K010414,4,SK-DP4,6.070985,125.147545,4,0.017
11814,SK-DP4,7K010413,2025-11-06,32,7K010413,4,SK-DP4,6.071135,125.147525,4,0.004
11814,SK-DP4,7K010053,2025-11-06,33,7K010053,4,SK-DP4,6.07114667,125.14756,4,0.013
11814,SK-DP4,7K010052,2025-11-06,34,7K010052,4,SK-DP4,6.07113167,125.147675,4,0.029
11814,SK-DP4,7K010054,2025-11-06,35,7K010054,4,SK-DP4,6.07120333,125.14742,4,0.01
11814,SK-DP4,7K010435,2025-11-06,36,7K010435,4,SK-DP4,6.07129,125.1474117,4,0.028
11814,SK-DP4,7K010412,2025-11-06,37,7K010412,4,SK-DP4,6.07108833,125.1472583,4,0.034
11814,SK-DP4,7K010055,2025-11-06,38,7K010055,4,SK-DP4,6.07123833,125.1469883,4,0.04
11814,SK-DP4,7K010620,2025-11-06,39,7K010620,4,SK-DP4,6.07152667,125.1472067,4,0.014
11814,SK-DP4,7K010619,2025-11-06,40,7K010619,4,SK-DP4,6.07164833,125.147225,4,0.035
11814,SK-DP4,7K010621,2025-11-06,41,7K010621,4,SK-DP4,6.07166,125.1475383,4,0.113
11814,SK-DP4,7K010411,2025-11-06,42,7K010411,4,SK-DP4,6.07084833,125.1469167,4,0.05
11814,SK-DP4,7K010034,2025-11-06,43,7K010034,4,SK-DP4,6.07041,125.1470167,4,0.19
11814,SK-DP4,7K013859,2025-11-06,44,7K013859,4,SK-DP4,6.06881333,125.147625,4,0.017
11814,SK-DP4,7K013858,2025-11-06,45,7K013858,4,SK-DP4,6.06869167,125.147725,4,0.019
11814,SK-DP4,7K013857,2025-11-06,46,7K013857,4,SK-DP4,6.068635,125.1478883,4,0.018
11814,SK-DP4,7K013856,2025-11-06,47,7K013856,4,SK-DP4,6.06848333,125.1479533,4,0.005
11814,SK-DP4,7K013855,2025-11-06,48,7K013855,4,SK-DP4,6.068445,125.1479683,4,0.016
11814,SK-DP4,7K013854,2025-11-06,49,7K013854,4,SK-DP4,6.06830167,125.1479633,4,0.012
11814,SK-DP4,7K013853,2025-11-06,50,7K013853,4,SK-DP4,6.06827833,125.148065,4,0.017
11814,SK-DP4,7K013852,2025-11-06,51,7K013852,4,SK-DP4,6.06830333,125.148215,4,0.034
11814,SK-DP4,7K013851,2025-11-06,52,7K013851,4,SK-DP4,6.068605,125.1481717,4,0.034
11814,SK-DP4,7K013848,2025-11-06,53,7K013848,4,SK-DP4,6.06863833,125.1484783,4,0.016
11814,SK-DP4,7K013850,2025-11-06,54,7K013850,4,SK-DP4,6.06878,125.1484667,4,0.006
11814,SK-DP4,7K013847,2025-11-06,55,7K013847,4,SK-DP4,6.068825,125.148495,4,0.027
11814,SK-DP4,7K013845,2025-11-06,56,7K013845,4,SK-DP4,6.06873667,125.1487183,4,0.005
11814,SK-DP4,7K013846,2025-11-06,57,7K013846,4,SK-DP4,6.06877833,125.1487383,4,0.031
11814,SK-DP4,7K013844,2025-11-06,58,7K013844,4,SK-DP4,6.06850667,125.1488,4,0.023
11814,SK-DP4,7K013843,2025-11-06,59,7K013843,4,SK-DP4,6.06831333,125.1487217,4,0.029
11814,SK-DP4,7K013849,2025-11-06,60,7K013849,4,SK-DP4,6.06843833,125.1484917,4,0.0
11814,SK-DP4,7K015973,2025-11-07,1,7K015973,5,SK-DP4,6.084055,125.1209283,5,0.028
11814,SK-DP4,7K015971,2025-11-07,2,7K015971,5,SK-DP4,6.083955,125.12116,5,0.014
11814,SK-DP4,7K016001,2025-11-07,3,7K016001,5,SK-DP4,6.08407333,125.1211883,5,0.021
11814,SK-DP4,7K015964,2025-11-07,4,7K015964,5,SK-DP4,6.084175,125.1213433,5,0.042
11814,SK-DP4,7K015965,2025-11-07,5,7K015965,5,SK-DP4,6.083915,125.1216233,5,0.039
11814,SK-DP4,7K015967,2025-11-07,6,7K015967,5,SK-DP4,6.08368667,125.1218917,5,0.048
11814,SK-DP4,7K015999,2025-11-07,7,7K015999,5,SK-DP4,6.08326667,125.1217967,5,0.072
11814,SK-DP4,7K015970,2025-11-07,8,7K015970,5,SK-DP4,6.08338167,125.12116,5,0.039
11814,SK-DP4,7K015974,2025-11-07,9,7K015974,5,SK-DP4,6.083035,125.1211217,5,0.033
11814,SK-DP4,7K015975,2025-11-07,10,7K015975,5,SK-DP4,6.08289833,125.1208533,5,0.027
11814,SK-DP4,7K015972,2025-11-07,11,7K015972,5,SK-DP4,6.08312667,125.1207783,5,0.061
11814,SK-DP4,7K016002,2025-11-07,12,7K016002,5,SK-DP4,6.08366167,125.120885,5,0.032
11814,SK-DP4,7K016000,2025-11-07,13,7K016000,5,SK-DP4,6.08379667,125.1211417,5,0.107
11814,SK-DP4,7K015966,2025-11-07,14,7K015966,5,SK-DP4,6.08448667,125.1218133,5,0.072
11814,SK-DP4,7K015963,2025-11-07,15,7K015963,5,SK-DP4,6.08509833,125.1215983,5,0.055
11814,SK-DP4,7K015992,2025-11-07,16,7K015992,5,SK-DP4,6.08557667,125.121465,5,0.025
11814,SK-DP4,7K015961,2025-11-07,17,7K015961,5,SK-DP4,6.08564,125.1216817,5,0.069
11814,SK-DP4,7K015959,2025-11-07,18,7K015959,5,SK-DP4,6.08559333,125.121055,5,0.128
11814,SK-DP4,7K015957,2025-11-07,19,7K015957,5,SK-DP4,6.08635667,125.121925,5,0.152
11814,SK-DP4,7K013693,2025-11-07,20,7K013693,5,SK-DP4,6.08718667,125.1230117,5,0.127
11814,SK-DP4,7K013614,2025-11-07,21,7K013614,5,SK-DP4,6.08725833,125.1241583,5,0.081
11814,SK-DP4,7K013210,2025-11-07,22,7K013210,5,SK-DP4,6.08690167,125.1247967,5,0.078
11814,SK-DP4,7K013211,2025-11-07,23,7K013211,5,SK-DP4,6.08642167,125.124285,5,0.084
11814,SK-DP4,7K013212,2025-11-07,24,7K013212,5,SK-DP4,6.08581667,125.1247433,5,0.006
11814,SK-DP4,7K013208,2025-11-07,25,7K013208,5,SK-DP4,6.08576333,125.1247517,5,0.007
11814,SK-DP4,7K013216,2025-11-07,26,7K013216,5,SK-DP4,6.08572333,125.1246983,5,0.031
11814,SK-DP4,7K013326,2025-11-07,27,7K013326,5,SK-DP4,6.08545167,125.124745,5,0.036
11814,SK-DP4,7K013592,2025-11-07,28,7K013592,5,SK-DP4,6.08513333,125.1248083,5,0.01
11814,SK-DP4,7K013336,2025-11-07,29,7K013336,5,SK-DP4,6.08504833,125.1247767,5,0.033
11814,SK-DP4,7K013617,2025-11-07,30,7K013617,5,SK-DP4,6.08477833,125.1249083,5,0.009
11814,SK-DP4,7K013695,2025-11-07,31,7K013695,5,SK-DP4,6.08471333,125.1249567,5,0.032
11814,SK-DP4,7K013618,2025-11-07,32,7K013618,5,SK-DP4,6.084485,125.1247767,5,0.058
11814,SK-DP4,7K013697,2025-11-07,33,7K013697,5,SK-DP4,6.08396667,125.1246883,5,0.012
11814,SK-DP4,7K013619,2025-11-07,34,7K013619,5,SK-DP4,6.08387,125.12473,5,0.125
11814,SK-DP4,7K013600,2025-11-07,35,7K013600,5,SK-DP4,6.08380833,125.1258583,5,0.021
11814,SK-DP4,7K013601,2025-11-07,36,7K013601,5,SK-DP4,6.08376833,125.1260417,5,0.039
11814,SK-DP4,7K013599,2025-11-07,37,7K013599,5,SK-DP4,6.08394833,125.1263483,5,0.03
11814,SK-DP4,7K013678,2025-11-07,38,7K013678,5,SK-DP4,6.0842,125.1264517,5,0.008
11814,SK-DP4,7K013622,2025-11-07,39,7K013622,5,SK-DP4,6.08427,125.1264783,5,0.02
11814,SK-DP4,7K013701,2025-11-07,40,7K013701,5,SK-DP4,6.08444667,125.1264533,5,0.011
11814,SK-DP4,7K013677,2025-11-07,41,7K013677,5,SK-DP4,6.08453667,125.1264083,5,0.038
11814,SK-DP4,7K013675,2025-11-07,42,7K013675,5,SK-DP4,6.08487833,125.1264567,5,0.052
11814,SK-DP4,7K013597,2025-11-07,43,7K013597,5,SK-DP4,6.0847,125.126025,5,0.07
11814,SK-DP4,7K013674,2025-11-07,44,7K013674,5,SK-DP4,6.08505167,125.125505,5,0.032
11814,SK-DP4,7K013594,2025-11-07,45,7K013594,5,SK-DP4,6.08506667,125.1252133,5,0.053
11814,SK-DP4,7K013219,2025-11-07,46,7K013219,5,SK-DP4,6.08535833,125.1255933,5,0.098
11814,SK-DP4,7K013262,2025-11-07,47,7K013262,5,SK-DP4,6.08572,125.1264033,5,0.228
11814,SK-DP4,7K013217,2025-11-07,48,7K013217,5,SK-DP4,6.085485,125.1243517,5,0.055
11814,SK-DP4,7K013288,2025-11-07,49,7K013288,5,SK-DP4,6.08574167,125.123925,5,0.005
11814,SK-DP4,7K013325,2025-11-07,50,7K013325,5,SK-DP4,6.085735,125.1238817,5,0.022
11814,SK-DP4,7K013214,2025-11-07,51,7K013214,5,SK-DP4,6.08571,125.123685,5,0.394
11814,SK-DP4,7K013602,2025-11-07,52,7K013602,5,SK-DP4,6.08334167,125.1263367,5,0.122
11814,SK-DP4,7K013228,2025-11-07,53,7K013228,5,SK-DP4,6.08226,125.1265067,5,0.056
11814,SK-DP4,7K013603,2025-11-07,54,7K013603,5,SK-DP4,6.08224,125.1260033,5,0.094
11814,SK-DP4,7K013621,2025-11-07,55,7K013621,5,SK-DP4,6.082245,125.1251567,5,0.426
11814,SK-DP4,7K015980,2025-11-07,56,7K015980,5,SK-DP4,6.08187667,125.1213217,5,0.206
11814,SK-DP4,7K015976,2025-11-07,57,7K015976,5,SK-DP4,6.08231333,125.11951,5,0.073
11814,SK-DP4,7K015978,2025-11-07,58,7K015978,5,SK-DP4,6.08287333,125.1191667,5,0.074
11814,SK-DP4,7K015977,2025-11-07,59,7K015977,5,SK-DP4,6.08244833,125.1186483,5,0.022
11814,SK-DP4,7K016052,2025-11-07,60,7K016052,5,SK-DP4,6.08225667,125.1187083,5,0.0
11814,SK-DP4,7K016431,2025-11-10,1,7K016431,1,SK-DP4,6.07800333,125.1463617,6,0.027
11814,SK-DP4,7K011501,2025-11-10,2,7K011501,1,SK-DP4,6.07805167,125.146125,6,0.009
11814,SK-DP4,7K011539,2025-11-10,3,7K011539,1,SK-DP4,6.07813167,125.1461167,6,0.007
11814,SK-DP4,7K011506,2025-11-10,4,7K011506,1,SK-DP4,6.078195,125.14611,6,0.015
11814,SK-DP4,7K011540,2025-11-10,5,7K011540,1,SK-DP4,6.07826167,125.146225,6,0.006
11814,SK-DP4,7K011503,2025-11-10,6,7K011503,1,SK-DP4,6.07831833,125.1462367,6,0.04
11814,SK-DP4,7K011538,2025-11-10,7,7K011538,1,SK-DP4,6.078165,125.14591,6,0.012
11814,SK-DP4,7K011499,2025-11-10,8,7K011499,1,SK-DP4,6.07821,125.1458117,6,0.016
11814,SK-DP4,7K011537,2025-11-10,9,7K011537,1,SK-DP4,6.07822333,125.1456683,6,0.028
11814,SK-DP4,7K011516,2025-11-10,10,7K011516,1,SK-DP4,6.078185,125.1454167,6,0.005
11814,SK-DP4,7K011498,2025-11-10,11,7K011498,1,SK-DP4,6.07815833,125.145385,6,0.02
11814,SK-DP4,7K011543,2025-11-10,12,7K011543,1,SK-DP4,6.07824167,125.1452233,6,0.021
11814,SK-DP4,7K011541,2025-11-10,13,7K011541,1,SK-DP4,6.07840833,125.1451433,6,0.011
11814,SK-DP4,7K011542,2025-11-10,14,7K011542,1,SK-DP4,6.07850167,125.1451667,6,0.005
11814,SK-DP4,7K011508,2025-11-10,15,7K011508,1,SK-DP4,6.07854333,125.1451633,6,0.017
11814,SK-DP4,7K011510,2025-11-10,16,7K011510,1,SK-DP4,6.07847167,125.1450283,6,0.014
11814,SK-DP4,7K011521,2025-11-10,17,7K011521,1,SK-DP4,6.07845833,125.1449033,6,0.018
11814,SK-DP4,7K011528,2025-11-10,18,7K011528,1,SK-DP4,6.07842667,125.14474,6,0.021
11814,SK-DP4,7K011544,2025-11-10,19,7K011544,1,SK-DP4,6.07856667,125.1446167,6,0.013
11814,SK-DP4,7K011124,2025-11-10,20,7K011124,1,SK-DP4,6.078605,125.1445017,6,0.011
11814,SK-DP4,7K011866,2025-11-10,21,7K011866,1,SK-DP4,6.07850667,125.144495,6,0.021
11814,SK-DP4,7K011864,2025-11-10,22,7K011864,1,SK-DP4,6.07832,125.1444983,6,0.029
11814,SK-DP4,7K011835,2025-11-10,23,7K011835,1,SK-DP4,6.078445,125.1442633,6,0.027
11814,SK-DP4,7K011838,2025-11-10,24,7K011838,1,SK-DP4,6.07862167,125.1441,6,0.019
11814,SK-DP4,7K011123,2025-11-10,25,7K011123,1,SK-DP4,6.07866667,125.1439383,6,0.023
11814,SK-DP4,7K011867,2025-11-10,26,7K011867,1,SK-DP4,6.07874833,125.143745,6,0.035
11814,SK-DP4,7K011892,2025-11-10,27,7K011892,1,SK-DP4,6.07892167,125.1434767,6,0.04
11814,SK-DP4,7K011861,2025-11-10,28,7K011861,1,SK-DP4,6.07856333,125.1434433,6,0.053
11814,SK-DP4,7K011862,2025-11-10,29,7K011862,1,SK-DP4,6.07875667,125.1430017,6,0.097
11814,SK-DP4,7K011122,2025-11-10,30,7K011122,1,SK-DP4,6.07794,125.1433117,6,0.034
11814,SK-DP4,7K011121,2025-11-10,31,7K011121,1,SK-DP4,6.07782167,125.14303,6,0.112
11814,SK-DP4,7K011836,2025-11-10,32,7K011836,1,SK-DP4,6.078125,125.1439933,6,0.006
11814,SK-DP4,7K011837,2025-11-10,33,7K011837,1,SK-DP4,6.07810833,125.1440483,6,0.017
11814,SK-DP4,7K011865,2025-11-10,34,7K011865,1,SK-DP4,6.078065,125.1441917,6,0.087
11814,SK-DP4,7K011844,2025-11-10,35,7K011844,1,SK-DP4,6.07879833,125.1444783,6,0.028
11814,SK-DP4,7K011846,2025-11-10,36,7K011846,1,SK-DP4,6.07903,125.1445883,6,0.041
11814,SK-DP4,7K011839,2025-11-10,37,7K011839,1,SK-DP4,6.07877333,125.1448517,6,0.054
11814,SK-DP4,7K011843,2025-11-10,38,7K011843,1,SK-DP4,6.07873667,125.1453367,6,0.043
11814,SK-DP4,7K011842,2025-11-10,39,7K011842,1,SK-DP4,6.07869833,125.1457217,6,0.032
11814,SK-DP4,7K011845,2025-11-10,40,7K011845,1,SK-DP4,6.07893333,125.145885,6,0.03
11814,SK-DP4,7K011840,2025-11-10,41,7K011840,1,SK-DP4,6.07871167,125.1460333,6,0.065
11814,SK-DP4,7K011879,2025-11-10,42,7K011879,1,SK-DP4,6.07911,125.14646,6,0.016
11814,SK-DP4,7K011850,2025-11-10,43,7K011850,1,SK-DP4,6.07918833,125.1465767,6,0.095
11814,SK-DP4,7K016390,2025-11-10,44,7K016390,1,SK-DP4,6.07987833,125.1460717,6,0.019
11814,SK-DP4,7K016389,2025-11-10,45,7K016389,1,SK-DP4,6.079965,125.1459217,6,0.086
11814,SK-DP4,7K011851,2025-11-10,46,7K011851,1,SK-DP4,6.079235,125.14566,6,0.028
11814,SK-DP4,7K011852,2025-11-10,47,7K011852,1,SK-DP4,6.07920667,125.1454117,6,0.007
11814,SK-DP4,7K011849,2025-11-10,48,7K011849,1,SK-DP4,6.07926333,125.1453833,6,0.039
11814,SK-DP4,7K011853,2025-11-10,49,7K011853,1,SK-DP4,6.07930667,125.1450367,6,0.009
11814,SK-DP4,7K011877,2025-11-10,50,7K011877,1,SK-DP4,6.07924167,125.144995,6,0.095
11814,SK-DP4,7K011855,2025-11-10,51,7K011855,1,SK-DP4,6.07981,125.144355,6,0.034
11814,SK-DP4,7K011885,2025-11-10,52,7K011885,1,SK-DP4,6.08008333,125.14421,6,0.01
11814,SK-DP4,7K011856,2025-11-10,53,7K011856,1,SK-DP4,6.08013,125.1441333,6,0.055
11814,SK-DP4,7K011857,2025-11-10,54,7K011857,1,SK-DP4,6.07981667,125.14375,6,0.045
11814,SK-DP4,7K011891,2025-11-10,55,7K011891,1,SK-DP4,6.079445,125.14359,6,0.03
11814,SK-DP4,7K011848,2025-11-10,56,7K011848,1,SK-DP4,6.07934167,125.14384,6,0.007
11814,SK-DP4,7K011884,2025-11-10,57,7K011884,1,SK-DP4,6.07932833,125.1439017,6,0.014
11814,SK-DP4,7K011854,2025-11-10,58,7K011854,1,SK-DP4,6.079315,125.1440267,6,0.02
11814,SK-DP4,7K011876,2025-11-10,59,7K011876,1,SK-DP4,6.079135,125.1440283,6,0.184
11814,SK-DP4,7K011488,2025-11-10,60,7K011488,1,SK-DP4,6.07794,125.1451783,6,0.0
11814,SK-DP4,7K014729,2025-11-11,1,7K014729,2,SK-DP4,6.07455333,125.1248917,7,0.038
11814,SK-DP4,7K014730,2025-11-11,2,7K014730,2,SK-DP4,6.07468333,125.12457,7,0.048
11814,SK-DP4,7K014889,2025-11-11,3,7K014889,2,SK-DP4,6.074935,125.1249217,7,0.019
11814,SK-DP4,7K014727,2025-11-11,4,7K014727,2,SK-DP4,6.07508667,125.1249917,7,0.043
11814,SK-DP4,7K014888,2025-11-11,5,7K014888,2,SK-DP4,6.07545,125.12486,7,0.005
11814,SK-DP4,7K014728,2025-11-11,6,7K014728,2,SK-DP4,6.07549833,125.12485,7,0.142
11814,SK-DP4,7K014726,2025-11-11,7,7K014726,2,SK-DP4,6.07430333,125.12529,7,0.043
11814,SK-DP4,7K014885,2025-11-11,8,7K014885,2,SK-DP4,6.07437833,125.1256683,7,0.043
11814,SK-DP4,7K014725,2025-11-11,9,7K014725,2,SK-DP4,6.074515,125.1260283,7,0.045
11814,SK-DP4,7K014871,2025-11-11,10,7K014871,2,SK-DP4,6.07417667,125.1262583,7,0.036
11814,SK-DP4,7K014716,2025-11-11,11,7K014716,2,SK-DP4,6.07406167,125.1259533,7,0.071
11814,SK-DP4,7K014717,2025-11-11,12,7K014717,2,SK-DP4,6.07411167,125.1265917,7,0.09
11814,SK-DP4,7K014723,2025-11-11,13,7K014723,2,SK-DP4,6.0749,125.1264017,7,0.018
11814,SK-DP4,7K014883,2025-11-11,14,7K014883,2,SK-DP4,6.07491667,125.1262367,7,0.005
11814,SK-DP4,7K014724,2025-11-11,15,7K014724,2,SK-DP4,6.07488333,125.1262117,7,0.149
11814,SK-DP4,7K014715,2025-11-11,16,7K014715,2,SK-DP4,6.07391833,125.1252783,7,0.249
11814,SK-DP4,7K014718,2025-11-11,17,7K014718,2,SK-DP4,6.07402833,125.127525,7,0.035
11814,SK-DP4,7K014721,2025-11-11,18,7K014721,2,SK-DP4,6.07433833,125.1274917,7,0.044
11814,SK-DP4,7K014722,2025-11-11,19,7K014722,2,SK-DP4,6.07449667,125.1278567,7,0.048
11814,SK-DP4,7K014719,2025-11-11,20,7K014719,2,SK-DP4,6.07409333,125.12802,7,0.264
11814,SK-DP4,7K016057,2025-11-11,21,7K016057,2,SK-DP4,6.074225,125.1304067,7,0.034
11814,SK-DP4,7K015981,2025-11-11,22,7K015981,2,SK-DP4,6.07410667,125.1306867,7,0.101
11814,SK-DP4,7K015954,2025-11-11,23,7K015954,2,SK-DP4,6.074105,125.1316017,7,0.069
11814,SK-DP4,7K015951,2025-11-11,24,7K015951,2,SK-DP4,6.07471833,125.131665,7,0.009
11814,SK-DP4,7K015986,2025-11-11,25,7K015986,2,SK-DP4,6.074765,125.1317267,7,0.058
11814,SK-DP4,7K015952,2025-11-11,26,7K015952,2,SK-DP4,6.07452667,125.1321983,7,0.065
11814,SK-DP4,7K015953,2025-11-11,27,7K015953,2,SK-DP4,6.07473833,125.13275,7,0.047
11814,SK-DP4,7K015950,2025-11-11,28,7K015950,2,SK-DP4,6.07516333,125.13277,7,0.039
11814,SK-DP4,7K015916,2025-11-11,29,7K015916,2,SK-DP4,6.075145,125.1324183,7,0.085
11814,SK-DP4,7K015984,2025-11-11,30,7K015984,2,SK-DP4,6.07533667,125.131675,7,0.051
11814,SK-DP4,7K015915,2025-11-11,31,7K015915,2,SK-DP4,6.07579167,125.1316467,7,0.006
11814,SK-DP4,7K015982,2025-11-11,32,7K015982,2,SK-DP4,6.07582667,125.1316867,7,0.024
11814,SK-DP4,7K015914,2025-11-11,33,7K015914,2,SK-DP4,6.07604,125.1317033,7,0.045
11814,SK-DP4,7K015979,2025-11-11,34,7K015979,2,SK-DP4,6.07644667,125.131675,7,0.132
11814,SK-DP4,7K015968,2025-11-11,35,7K015968,2,SK-DP4,6.077635,125.13171,7,0.068
11814,SK-DP4,7K015913,2025-11-11,36,7K015913,2,SK-DP4,6.07787667,125.1322733,7,0.195
11814,SK-DP4,7K014133,2025-11-11,37,7K014133,2,SK-DP4,6.07963167,125.1321767,7,0.119
11814,SK-DP4,7K014132,2025-11-11,38,7K014132,2,SK-DP4,6.08069167,125.132025,7,0.074
11814,SK-DP4,7K014353,2025-11-11,39,7K014353,2,SK-DP4,6.08135667,125.131955,7,0.047
11814,SK-DP4,7K014131,2025-11-11,40,7K014131,2,SK-DP4,6.08174667,125.1317983,7,0.083
11814,SK-DP4,7K014352,2025-11-11,41,7K014352,2,SK-DP4,6.08242,125.1321317,7,0.471
11814,SK-DP4,7K013604,2025-11-11,42,7K013604,2,SK-DP4,6.081835,125.1279133,7,0.006
11814,SK-DP4,7K013682,2025-11-11,43,7K013682,2,SK-DP4,6.08181,125.1278617,7,0.816
11814,SK-DP4,7K014134,2025-11-11,44,7K014134,2,SK-DP4,6.07880167,125.1345967,7,0.158
11814,SK-DP4,7K014135,2025-11-11,45,7K014135,2,SK-DP4,6.07870167,125.1360217,7,0.192
11814,SK-DP4,7K012885,2025-11-11,46,7K012885,2,SK-DP4,6.07873833,125.137755,7,0.096
11814,SK-DP4,7K012886,2025-11-11,47,7K012886,2,SK-DP4,6.07787667,125.1377683,7,0.04
11814,SK-DP4,7K012716,2025-11-11,48,7K012716,2,SK-DP4,6.07756167,125.1379467,7,0.009
11814,SK-DP4,7K012887,2025-11-11,49,7K012887,2,SK-DP4,6.07751333,125.1378833,7,0.052
11814,SK-DP4,7K012888,2025-11-11,50,7K012888,2,SK-DP4,6.07771667,125.1383067,7,0.027
11814,SK-DP4,7K012889,2025-11-11,51,7K012889,2,SK-DP4,6.07795333,125.1382733,7,0.49
11814,SK-DP4,7K010862,2025-11-11,52,7K010862,2,SK-DP4,6.07360667,125.1390083,7,0.055
11814,SK-DP4,7K010877,2025-11-11,53,7K010877,2,SK-DP4,6.07312,125.13907,7,0.033
11814,SK-DP4,7K010863,2025-11-11,54,7K010863,2,SK-DP4,6.07298333,125.13881,7,0.019
11814,SK-DP4,7K010943,2025-11-11,55,7K010943,2,SK-DP4,6.07281667,125.138845,7,0.031
11814,SK-DP4,7K010864,2025-11-11,56,7K010864,2,SK-DP4,6.07274333,125.1385767,7,0.042
11814,SK-DP4,7K010865,2025-11-11,57,7K010865,2,SK-DP4,6.07239667,125.138425,7,0.079
11814,SK-DP4,7K010867,2025-11-11,58,7K010867,2,SK-DP4,6.07197667,125.13785,7,0.048
11814,SK-DP4,7K010871,2025-11-11,59,7K010871,2,SK-DP4,6.07157167,125.1379967,7,0.67
11814,SK-DP4,7K015955,2025-11-11,60,7K015955,2,SK-DP4,6.07320667,125.1321683,7,0.0
11814,SK-DP4,7K015338,2025-11-12,1,7K015338,3,SK-DP4,6.09342667,125.138875,8,0.021
11814,SK-DP4,7K015339,2025-11-12,2,7K015339,3,SK-DP4,6.09343,125.1390667,8,0.061
11814,SK-DP4,7K015340,2025-11-12,3,7K015340,3,SK-DP4,6.093045,125.1386783,8,0.086
11814,SK-DP4,7K016714,2025-11-12,4,7K016714,3,SK-DP4,6.09252833,125.1392517,8,0.099
11814,SK-DP4,7K016710,2025-11-12,5,7K016710,3,SK-DP4,6.09190667,125.1386067,8,0.053
11814,SK-DP4,7K016851,2025-11-12,6,7K016851,3,SK-DP4,6.09145333,125.1387467,8,0.014
11814,SK-DP4,7K016719,2025-11-12,7,7K016719,3,SK-DP4,6.09142333,125.1388717,8,0.051
11814,SK-DP4,7K016715,2025-11-12,8,7K016715,3,SK-DP4,6.09140167,125.1384083,8,0.101
11814,SK-DP4,7K016711,2025-11-12,9,7K016711,3,SK-DP4,6.09228167,125.1381917,8,0.018
11814,SK-DP4,7K016712,2025-11-12,10,7K016712,3,SK-DP4,6.09244,125.1381633,8,0.205
11814,SK-DP4,7K015337,2025-11-12,11,7K015337,3,SK-DP4,6.09323167,125.1398383,8,0.09
11814,SK-DP4,7K015345,2025-11-12,12,7K015345,3,SK-DP4,6.09317167,125.1406467,8,0.088
11814,SK-DP4,7K015336,2025-11-12,13,7K015336,3,SK-DP4,6.09360167,125.1413117,8,0.032
11814,SK-DP4,7K015346,2025-11-12,14,7K015346,3,SK-DP4,6.09356833,125.141595,8,0.058
11814,SK-DP4,7K015347,2025-11-12,15,7K015347,3,SK-DP4,6.09350333,125.142115,8,0.043
11814,SK-DP4,7K015335,2025-11-12,16,7K015335,3,SK-DP4,6.09338333,125.14248,8,0.031
11814,SK-DP4,7K015328,2025-11-12,17,7K015328,3,SK-DP4,6.09310667,125.1425083,8,0.046
11814,SK-DP4,7K015641,2025-11-12,18,7K015641,3,SK-DP4,6.092955,125.1421217,8,0.035
11814,SK-DP4,7K015750,2025-11-12,19,7K015750,3,SK-DP4,6.09264667,125.1421767,8,0.037
11814,SK-DP4,7K015642,2025-11-12,20,7K015642,3,SK-DP4,6.09233,125.1420817,8,0.028
11814,SK-DP4,7K015749,2025-11-12,21,7K015749,3,SK-DP4,6.09207833,125.14211,8,0.024
11814,SK-DP4,7K015643,2025-11-12,22,7K015643,3,SK-DP4,6.09200833,125.1419067,8,0.007
11814,SK-DP4,7K015751,2025-11-12,23,7K015751,3,SK-DP4,6.092055,125.1418583,8,0.043
11814,SK-DP4,7K015640,2025-11-12,24,7K015640,3,SK-DP4,6.09181,125.142165,8,0.02
11814,SK-DP4,7K015754,2025-11-12,25,7K015754,3,SK-DP4,6.09162667,125.1421567,8,0.012
11814,SK-DP4,7K015644,2025-11-12,26,7K015644,3,SK-DP4,6.09152167,125.1421767,8,0.044
11814,SK-DP4,7K015639,2025-11-12,27,7K015639,3,SK-DP4,6.09124667,125.1424667,8,0.081
11814,SK-DP4,7K015646,2025-11-12,28,7K015646,3,SK-DP4,6.09051667,125.1424433,8,0.045
11814,SK-DP4,7K015638,2025-11-12,29,7K015638,3,SK-DP4,6.09011167,125.142445,8,0.052
11814,SK-DP4,7K015764,2025-11-12,30,7K015764,3,SK-DP4,6.089775,125.1421133,8,0.028
11814,SK-DP4,7K015647,2025-11-12,31,7K015647,3,SK-DP4,6.08965333,125.1423333,8,0.031
11814,SK-DP4,7K015648,2025-11-12,32,7K015648,3,SK-DP4,6.08938,125.142305,8,0.171
11814,SK-DP4,7K015636,2025-11-12,33,7K015636,3,SK-DP4,6.08787333,125.142635,8,0.029
11814,SK-DP4,7K015811,2025-11-12,34,7K015811,3,SK-DP4,6.08784167,125.142895,8,0.003
11814,SK-DP4,7K015649,2025-11-12,35,7K015649,3,SK-DP4,6.08787,125.1428983,8,0.057
11814,SK-DP4,7K015650,2025-11-12,36,7K015650,3,SK-DP4,6.08744167,125.1431767,8,0.09
11814,SK-DP4,7K015814,2025-11-12,37,7K015814,3,SK-DP4,6.08676,125.14361,8,0.346
11814,SK-DP4,7K015452,2025-11-12,38,7K015452,3,SK-DP4,6.08984667,125.1439933,8,0.003
11814,SK-DP4,7K015326,2025-11-12,39,7K015326,3,SK-DP4,6.08984333,125.1440217,8,0.042
11814,SK-DP4,7K015323,2025-11-12,40,7K015323,3,SK-DP4,6.08991,125.1444,8,0.054
11814,SK-DP4,7K015449,2025-11-12,41,7K015449,3,SK-DP4,6.09038167,125.14452,8,0.022
11814,SK-DP4,7K015324,2025-11-12,42,7K015324,3,SK-DP4,6.09044333,125.1443317,8,0.038
11814,SK-DP4,7K015325,2025-11-12,43,7K015325,3,SK-DP4,6.09077167,125.1444417,8,0.016
11814,SK-DP4,7K015322,2025-11-12,44,7K015322,3,SK-DP4,6.09070667,125.1445683,8,0.034
11814,SK-DP4,7K015448,2025-11-12,45,7K015448,3,SK-DP4,6.09097833,125.1447183,8,0.033
11814,SK-DP4,7K015321,2025-11-12,46,7K015321,3,SK-DP4,6.09118,125.1445,8,0.006
11814,SK-DP4,7K015447,2025-11-12,47,7K015447,3,SK-DP4,6.091235,125.1445117,8,0.065
11814,SK-DP4,7K015319,2025-11-12,48,7K015319,3,SK-DP4,6.09161333,125.1449633,8,0.028
11814,SK-DP4,7K015445,2025-11-12,49,7K015445,3,SK-DP4,6.09180333,125.1447967,8,0.008
11814,SK-DP4,7K015318,2025-11-12,50,7K015318,3,SK-DP4,6.09187333,125.14477,8,0.034
11814,SK-DP4,7K015320,2025-11-12,51,7K015320,3,SK-DP4,6.09190167,125.1450783,8,0.073
11814,SK-DP4,7K015317,2025-11-12,52,7K015317,3,SK-DP4,6.09229833,125.14455,8,0.011
11814,SK-DP4,7K015316,2025-11-12,53,7K015316,3,SK-DP4,6.092325,125.14445,8,0.025
11814,SK-DP4,7K015315,2025-11-12,54,7K015315,3,SK-DP4,6.09223167,125.1442433,8,0.092
11814,SK-DP4,7K015333,2025-11-12,55,7K015333,3,SK-DP4,6.09290833,125.1437667,8,0.03
11814,SK-DP4,7K015330,2025-11-12,56,7K015330,3,SK-DP4,6.09315667,125.1436633,8,0.035
11814,SK-DP4,7K015334,2025-11-12,57,7K015334,3,SK-DP4,6.09320333,125.1433467,8,0.03
11814,SK-DP4,7K015332,2025-11-12,58,7K015332,3,SK-DP4,6.09293667,125.1433467,8,0.103
11814,SK-DP4,7K015327,2025-11-12,59,7K015327,3,SK-DP4,6.09252333,125.1425117,8,0.249
11814,SK-DP4,7K016709,2025-11-12,60,7K016709,3,SK-DP4,6.09236333,125.1402683,8,0.0
11814,SK-DP4,7K012482,2025-11-13,1,7K012482,4,SK-DP4,6.0824,125.1407167,9,0.034
11814,SK-DP4,7K012464,2025-11-13,2,7K012464,4,SK-DP4,6.08268333,125.14084,9,0.009
11814,SK-DP4,7K012330,2025-11-13,3,7K012330,4,SK-DP4,6.082755,125.1408783,9,0.047
11814,SK-DP4,7K012481,2025-11-13,4,7K012481,4,SK-DP4,6.08281167,125.14046,9,0.021
11814,SK-DP4,7K012331,2025-11-13,5,7K012331,4,SK-DP4,6.08290667,125.1402967,9,0.048
11814,SK-DP4,7K012477,2025-11-13,6,7K012477,4,SK-DP4,6.08282167,125.139875,9,0.034
11814,SK-DP4,7K012324,2025-11-13,7,7K012324,4,SK-DP4,6.08254167,125.1399967,9,0.038
11814,SK-DP4,7K012333,2025-11-13,8,7K012333,4,SK-DP4,6.08242833,125.140325,9,0.018
11814,SK-DP4,7K012480,2025-11-13,9,7K012480,4,SK-DP4,6.082275,125.14037,9,0.051
11814,SK-DP4,7K012336,2025-11-13,10,7K012336,4,SK-DP4,6.08182667,125.1404483,9,0.043
11814,SK-DP4,7K012813,2025-11-13,11,7K012813,4,SK-DP4,6.08152667,125.1406967,9,0.044
11814,SK-DP4,7K012350,2025-11-13,12,7K012350,4,SK-DP4,6.08131667,125.1403633,9,0.008
11814,SK-DP4,7K012810,2025-11-13,13,7K012810,4,SK-DP4,6.081245,125.14038,9,0.044
11814,SK-DP4,7K012349,2025-11-13,14,7K012349,4,SK-DP4,6.08153833,125.14011,9,0.018
11814,SK-DP4,7K012805,2025-11-13,15,7K012805,4,SK-DP4,6.08147833,125.1399583,9,0.042
11814,SK-DP4,7K012348,2025-11-13,16,7K012348,4,SK-DP4,6.08146667,125.139575,9,0.031
11814,SK-DP4,7K012344,2025-11-13,17,7K012344,4,SK-DP4,6.08145833,125.139295,9,0.009
11814,SK-DP4,7K012486,2025-11-13,18,7K012486,4,SK-DP4,6.08150667,125.1392333,9,0.066
11814,SK-DP4,7K012345,2025-11-13,19,7K012345,4,SK-DP4,6.081025,125.139585,9,0.033
11814,SK-DP4,7K012807,2025-11-13,20,7K012807,4,SK-DP4,6.08072833,125.1396067,9,0.024
11814,SK-DP4,7K012347,2025-11-13,21,7K012347,4,SK-DP4,6.080525,125.1395267,9,0.008
11814,SK-DP4,7K012346,2025-11-13,22,7K012346,4,SK-DP4,6.080455,125.13955,9,0.015
11814,SK-DP4,7K012487,2025-11-13,23,7K012487,4,SK-DP4,6.08034333,125.1396333,9,0.093
11814,SK-DP4,7K012351,2025-11-13,24,7K012351,4,SK-DP4,6.08074167,125.1403733,9,0.038
11814,SK-DP4,7K012352,2025-11-13,25,7K012352,4,SK-DP4,6.08074667,125.14072,9,0.025
11814,SK-DP4,7K012822,2025-11-13,26,7K012822,4,SK-DP4,6.08052333,125.1407133,9,0.04
11814,SK-DP4,7K012683,2025-11-13,27,7K012683,4,SK-DP4,6.08019167,125.1408417,9,0.057
11814,SK-DP4,7K012824,2025-11-13,28,7K012824,4,SK-DP4,6.080635,125.141105,9,0.005
11814,SK-DP4,7K012354,2025-11-13,29,7K012354,4,SK-DP4,6.08067,125.1411333,9,0.062
11814,SK-DP4,7K012353,2025-11-13,30,7K012353,4,SK-DP4,6.08122667,125.1411067,9,0.057
11814,SK-DP4,7K012684,2025-11-13,31,7K012684,4,SK-DP4,6.08157167,125.1414917,9,0.056
11814,SK-DP4,7K012685,2025-11-13,32,7K012685,4,SK-DP4,6.082075,125.141485,9,0.017
11814,SK-DP4,7K012317,2025-11-13,33,7K012317,4,SK-DP4,6.08220833,125.1415633,9,0.051
11814,SK-DP4,7K012462,2025-11-13,34,7K012462,4,SK-DP4,6.08261333,125.1413433,9,0.015
11814,SK-DP4,7K012318,2025-11-13,35,7K012318,4,SK-DP4,6.08274833,125.141355,9,0.108
11814,SK-DP4,7K016370,2025-11-13,36,7K016370,4,SK-DP4,6.08362167,125.14179,9,0.064
11814,SK-DP4,7K012319,2025-11-13,37,7K012319,4,SK-DP4,6.08375667,125.1412283,9,0.009
11814,SK-DP4,7K012320,2025-11-13,38,7K012320,4,SK-DP4,6.0838,125.1411583,9,0.018
11814,SK-DP4,7K012466,2025-11-13,39,7K012466,4,SK-DP4,6.08383667,125.1409983,9,0.03
11814,SK-DP4,7K012328,2025-11-13,40,7K012328,4,SK-DP4,6.083835,125.1407267,9,0.009
11814,SK-DP4,7K012322,2025-11-13,41,7K012322,4,SK-DP4,6.08385,125.14065,9,0.044
11814,SK-DP4,7K012326,2025-11-13,42,7K012326,4,SK-DP4,6.08392333,125.1402633,9,0.224
11814,SK-DP4,7K016369,2025-11-13,43,7K016369,4,SK-DP4,6.08491833,125.1420267,9,0.065
11814,SK-DP4,7K016366,2025-11-13,44,7K016366,4,SK-DP4,6.08473833,125.14259,9,0.075
11814,SK-DP4,7K016365,2025-11-13,45,7K016365,4,SK-DP4,6.08433333,125.14313,9,0.33
11814,SK-DP4,7K012316,2025-11-13,46,7K012316,4,SK-DP4,6.08156167,125.1420567,9,0.047
11814,SK-DP4,7K012315,2025-11-13,47,7K012315,4,SK-DP4,6.08118833,125.14185,9,0.044
11814,SK-DP4,7K012830,2025-11-13,48,7K012830,4,SK-DP4,6.08079167,125.1418667,9,0.032
11814,SK-DP4,7K012459,2025-11-13,49,7K012459,4,SK-DP4,6.08050167,125.1418383,9,0.178
11814,SK-DP4,7K011859,2025-11-13,50,7K011859,4,SK-DP4,6.07965667,125.14321,9,0.035
11814,SK-DP4,7K011858,2025-11-13,51,7K011858,4,SK-DP4,6.079875,125.14344,9,0.095
11814,SK-DP4,7K016371,2025-11-13,52,7K016371,4,SK-DP4,6.08057167,125.1439433,9,0.028
11814,SK-DP4,7K016377,2025-11-13,53,7K016377,4,SK-DP4,6.080585,125.1441967,9,0.027
11814,SK-DP4,7K016372,2025-11-13,54,7K016372,4,SK-DP4,6.08057667,125.1444433,9,0.003
11814,SK-DP4,7K016374,2025-11-13,55,7K016374,4,SK-DP4,6.08055333,125.144455,9,0.227
11814,SK-DP4,7K011863,2025-11-13,56,7K011863,4,SK-DP4,6.07906,125.1430617,9,0.393
11814,SK-DP4,7K012718,2025-11-13,57,7K012718,4,SK-DP4,6.07730167,125.1399783,9,0.012
11814,SK-DP4,7K012897,2025-11-13,58,7K012897,4,SK-DP4,6.07720167,125.1400083,9,0.008
11814,SK-DP4,7K012717,2025-11-13,59,7K012717,4,SK-DP4,6.07714333,125.1400517,9,0.528
11814,SK-DP4,7K012343,2025-11-13,60,7K012343,4,SK-DP4,6.081885,125.1397917,9,0.0
11814,SK-DP4,7K014202,2025-11-14,1,7K014202,5,SK-DP4,6.08442,125.1320283,10,0.01
11814,SK-DP4,7K013867,2025-11-14,2,7K013867,5,SK-DP4,6.08450333,125.1320533,10,0.007
11814,SK-DP4,7K014110,2025-11-14,3,7K014110,5,SK-DP4,6.084565,125.1320283,10,0.026
11814,SK-DP4,7K014128,2025-11-14,4,7K014128,5,SK-DP4,6.08433,125.1320417,10,0.025
11814,SK-DP4,7K014350,2025-11-14,5,7K014350,5,SK-DP4,6.084315,125.1322717,10,0.006
11814,SK-DP4,7K014129,2025-11-14,6,7K014129,5,SK-DP4,6.084295,125.13232,10,0.009
11814,SK-DP4,7K014130,2025-11-14,7,7K014130,5,SK-DP4,6.08437167,125.1323283,10,0.035
11814,SK-DP4,7K014351,2025-11-14,8,7K014351,5,SK-DP4,6.08457833,125.1325633,10,0.059
11814,SK-DP4,7K014200,2025-11-14,9,7K014200,5,SK-DP4,6.08486833,125.13212,10,0.056
11814,SK-DP4,7K014109,2025-11-14,10,7K014109,5,SK-DP4,6.08536333,125.132055,10,0.033
11814,SK-DP4,7K014112,2025-11-14,11,7K014112,5,SK-DP4,6.08541667,125.1317633,10,0.095
11814,SK-DP4,7K014124,2025-11-14,12,7K014124,5,SK-DP4,6.08457333,125.1316567,10,0.026
11814,SK-DP4,7K014324,2025-11-14,13,7K014324,5,SK-DP4,6.08444667,125.1314583,10,0.013
11814,SK-DP4,7K014125,2025-11-14,14,7K014125,5,SK-DP4,6.08433333,125.1314717,10,0.019
11814,SK-DP4,7K014325,2025-11-14,15,7K014325,5,SK-DP4,6.08417,125.131535,10,0.016
11814,SK-DP4,7K014127,2025-11-14,16,7K014127,5,SK-DP4,6.084035,125.1314817,10,0.02
11814,SK-DP4,7K014126,2025-11-14,17,7K014126,5,SK-DP4,6.08415333,125.1313433,10,0.382
11814,SK-DP4,7K013607,2025-11-14,18,7K013607,5,SK-DP4,6.08383167,125.1279067,10,0.038
11814,SK-DP4,7K013606,2025-11-14,19,7K013606,5,SK-DP4,6.083495,125.1279467,10,0.032
11814,SK-DP4,7K013685,2025-11-14,20,7K013685,5,SK-DP4,6.08321833,125.1278733,10,0.024
11814,SK-DP4,7K013232,2025-11-14,21,7K013232,5,SK-DP4,6.083075,125.12771,10,0.015
11814,SK-DP4,7K013158,2025-11-14,22,7K013158,5,SK-DP4,6.08317667,125.1276267,10,0.048
11814,SK-DP4,7K013605,2025-11-14,23,7K013605,5,SK-DP4,6.08287,125.127935,10,0.012
11814,SK-DP4,7K013684,2025-11-14,24,7K013684,5,SK-DP4,6.082765,125.1279383,10,0.066
11814,SK-DP4,7K013220,2025-11-14,25,7K013220,5,SK-DP4,6.08256,125.127375,10,0.044
11814,SK-DP4,7K013157,2025-11-14,26,7K013157,5,SK-DP4,6.08285333,125.1271067,10,0.044
11814,SK-DP4,7K013156,2025-11-14,27,7K013156,5,SK-DP4,6.08252667,125.126885,10,0.073
11814,SK-DP4,7K013155,2025-11-14,28,7K013155,5,SK-DP4,6.08193667,125.1271733,10,0.036
11814,SK-DP4,7K013152,2025-11-14,29,7K013152,5,SK-DP4,6.081615,125.127195,10,0.045
11814,SK-DP4,7K013226,2025-11-14,30,7K013226,5,SK-DP4,6.08169,125.1267983,10,0.038
11814,SK-DP4,7K013151,2025-11-14,31,7K013151,5,SK-DP4,6.08161833,125.12646,10,0.123
11814,SK-DP4,7K013153,2025-11-14,32,7K013153,5,SK-DP4,6.082,125.1275017,10,0.023
11814,SK-DP4,7K013154,2025-11-14,33,7K013154,5,SK-DP4,6.08198333,125.1277067,10,0.015
11814,SK-DP4,7K013683,2025-11-14,34,7K013683,5,SK-DP4,6.08201833,125.127835,10,0.181
11814,SK-DP4,7K013160,2025-11-14,35,7K013160,5,SK-DP4,6.08345667,125.12706,10,0.063
11814,SK-DP4,7K013235,2025-11-14,36,7K013235,5,SK-DP4,6.08379833,125.1275117,10,0.083
11814,SK-DP4,7K013161,2025-11-14,37,7K013161,5,SK-DP4,6.084535,125.12763,10,0.037
11814,SK-DP4,7K013608,2025-11-14,38,7K013608,5,SK-DP4,6.08475833,125.127875,10,0.006
11814,SK-DP4,7K013687,2025-11-14,39,7K013687,5,SK-DP4,6.08479833,125.12791,10,0.095
11814,SK-DP4,7K013239,2025-11-14,40,7K013239,5,SK-DP4,6.08506667,125.1270983,10,0.036
11814,SK-DP4,7K013166,2025-11-14,41,7K013166,5,SK-DP4,6.08534333,125.126935,10,0.098
11814,SK-DP4,7K013253,2025-11-14,42,7K013253,5,SK-DP4,6.08447,125.1268233,10,0.184
11814,SK-DP4,7K013167,2025-11-14,43,7K013167,5,SK-DP4,6.08574167,125.1278867,10,0.023
11814,SK-DP4,7K013609,2025-11-14,44,7K013609,5,SK-DP4,6.08594167,125.127935,10,0.042
11814,SK-DP4,7K013688,2025-11-14,45,7K013688,5,SK-DP4,6.08632167,125.1279517,10,0.026
11814,SK-DP4,7K013610,2025-11-14,46,7K013610,5,SK-DP4,6.08654667,125.127885,10,0.022
11814,SK-DP4,7K013611,2025-11-14,47,7K013611,5,SK-DP4,6.08673833,125.1279467,10,0.097
11814,SK-DP4,7K013203,2025-11-14,48,7K013203,5,SK-DP4,6.0869,125.127085,10,0.051
11814,SK-DP4,7K013254,2025-11-14,49,7K013254,5,SK-DP4,6.08703667,125.1266433,10,0.024
11814,SK-DP4,7K013204,2025-11-14,50,7K013204,5,SK-DP4,6.08704,125.1264233,10,0.024
11814,SK-DP4,7K013206,2025-11-14,51,7K013206,5,SK-DP4,6.086825,125.1264283,10,0.055
11814,SK-DP4,7K013261,2025-11-14,52,7K013261,5,SK-DP4,6.086335,125.1264667,10,0.223
11814,SK-DP4,7K013691,2025-11-14,53,7K013691,5,SK-DP4,6.08820833,125.127175,10,0.009
11814,SK-DP4,7K013613,2025-11-14,54,7K013613,5,SK-DP4,6.08823,125.1272517,10,0.996
11814,SK-DP4,7K012709,2025-11-14,55,7K012709,5,SK-DP4,6.08645333,125.1360833,10,0.063
11814,SK-DP4,7K012710,2025-11-14,56,7K012710,5,SK-DP4,6.08589167,125.1359867,10,0.032
11814,SK-DP4,7K012687,2025-11-14,57,7K012687,5,SK-DP4,6.08578,125.13625,10,0.005
11814,SK-DP4,7K012711,2025-11-14,58,7K012711,5,SK-DP4,6.08573333,125.13625,10,1.89
11814,SK-DP4,7K014711,2025-11-14,59,7K014711,5,SK-DP4,6.07594,125.12228,10,0.035
11814,SK-DP4,7K014841,2025-11-14,60,7K014841,5,SK-DP4,6.075625,125.12228,10,0.0
11814,SK-DP4,7K015344,2025-11-17,1,7K015344,1,SK-DP4,6.09301,125.1381117,11,0.002
11814,SK-DP4,7K015341,2025-11-17,2,7K015341,1,SK-DP4,6.09301333,125.1380933,11,0.015
11814,SK-DP4,7K015465,2025-11-17,3,7K015465,1,SK-DP4,6.093035,125.1382283,11,0.042
11814,SK-DP4,7K015468,2025-11-17,4,7K015468,1,SK-DP4,6.09302333,125.137845,11,0.048
11814,SK-DP4,7K015343,2025-11-17,5,7K015343,1,SK-DP4,6.09272333,125.1375367,11,0.054
11814,SK-DP4,7K016734,2025-11-17,6,7K016734,1,SK-DP4,6.092485,125.1371133,11,0.07
11814,SK-DP4,7K016732,2025-11-17,7,7K016732,1,SK-DP4,6.09191667,125.1368383,11,0.044
11814,SK-DP4,7K016731,2025-11-17,8,7K016731,1,SK-DP4,6.091695,125.1365083,11,0.037
11814,SK-DP4,7K016855,2025-11-17,9,7K016855,1,SK-DP4,6.09141167,125.1366917,11,0.12
11814,SK-DP4,7K016725,2025-11-17,10,7K016725,1,SK-DP4,6.091195,125.137755,11,0.019
11814,SK-DP4,7K016721,2025-11-17,11,7K016721,1,SK-DP4,6.091335,125.1378533,11,0.042
11814,SK-DP4,7K016716,2025-11-17,12,7K016716,1,SK-DP4,6.091025,125.1380633,11,0.072
11814,SK-DP4,7K016717,2025-11-17,13,7K016717,1,SK-DP4,6.09067333,125.1375183,11,0.022
11814,SK-DP4,7K016730,2025-11-17,14,7K016730,1,SK-DP4,6.09052,125.1373867,11,0.073
11814,SK-DP4,7K016746,2025-11-17,15,7K016746,1,SK-DP4,6.08999333,125.1377883,11,0.144
11814,SK-DP4,7K016747,2025-11-17,16,7K016747,1,SK-DP4,6.089075,125.1387067,11,0.07
11814,SK-DP4,7K016748,2025-11-17,17,7K016748,1,SK-DP4,6.08872,125.1381817,11,0.053
11814,SK-DP4,7K016749,2025-11-17,18,7K016749,1,SK-DP4,6.088405,125.1385467,11,0.103
11814,SK-DP4,7K012689,2025-11-17,19,7K012689,1,SK-DP4,6.08749667,125.1383817,11,0.006
11814,SK-DP4,7K012842,2025-11-17,20,7K012842,1,SK-DP4,6.08746833,125.138335,11,0.048
11814,SK-DP4,7K012690,2025-11-17,21,7K012690,1,SK-DP4,6.08716667,125.13803,11,0.034
11814,SK-DP4,7K012846,2025-11-17,22,7K012846,1,SK-DP4,6.08688,125.1379183,11,0.029
11814,SK-DP4,7K012688,2025-11-17,23,7K012688,1,SK-DP4,6.08663667,125.1380183,11,0.009
11814,SK-DP4,7K012691,2025-11-17,24,7K012691,1,SK-DP4,6.08656167,125.137995,11,0.071
11814,SK-DP4,7K012857,2025-11-17,25,7K012857,1,SK-DP4,6.08660333,125.1373583,11,0.027
11814,SK-DP4,7K012696,2025-11-17,26,7K012696,1,SK-DP4,6.08684333,125.1373567,11,0.028
11814,SK-DP4,7K012870,2025-11-17,27,7K012870,1,SK-DP4,6.08706333,125.1372317,11,0.032
11814,SK-DP4,7K012697,2025-11-17,28,7K012697,1,SK-DP4,6.086915,125.1369833,11,0.024
11814,SK-DP4,7K012864,2025-11-17,29,7K012864,1,SK-DP4,6.08670833,125.1370517,11,0.02
11814,SK-DP4,7K012693,2025-11-17,30,7K012693,1,SK-DP4,6.08654,125.137105,11,0.039
11814,SK-DP4,7K012847,2025-11-17,31,7K012847,1,SK-DP4,6.08629,125.1373567,11,0.067
11814,SK-DP4,7K012831,2025-11-17,32,7K012831,1,SK-DP4,6.08605333,125.1368,11,0.033
11814,SK-DP4,7K012694,2025-11-17,33,7K012694,1,SK-DP4,6.08622667,125.1365633,11,0.037
11814,SK-DP4,7K012692,2025-11-17,34,7K012692,1,SK-DP4,6.08591167,125.1364583,11,0.033
11814,SK-DP4,7K012848,2025-11-17,35,7K012848,1,SK-DP4,6.08611167,125.1362433,11,0.07
11814,SK-DP4,7K012695,2025-11-17,36,7K012695,1,SK-DP4,6.08655,125.1367,11,0.079
11814,SK-DP4,7K012698,2025-11-17,37,7K012698,1,SK-DP4,6.08709667,125.13625,11,0.021
11814,SK-DP4,7K012879,2025-11-17,38,7K012879,1,SK-DP4,6.08706,125.13606,11,0.038
11814,SK-DP4,7K012872,2025-11-17,39,7K012872,1,SK-DP4,6.08739,125.1361533,11,0.024
11814,SK-DP4,7K012700,2025-11-17,40,7K012700,1,SK-DP4,6.08760167,125.136175,11,0.024
11814,SK-DP4,7K012708,2025-11-17,41,7K012708,1,SK-DP4,6.087705,125.135985,11,0.033
11814,SK-DP4,7K012702,2025-11-17,42,7K012702,1,SK-DP4,6.08788333,125.1362233,11,0.038
11814,SK-DP4,7K012703,2025-11-17,43,7K012703,1,SK-DP4,6.088095,125.13595,11,0.011
11814,SK-DP4,7K012875,2025-11-17,44,7K012875,1,SK-DP4,6.088195,125.135925,11,0.046
11814,SK-DP4,7K012706,2025-11-17,45,7K012706,1,SK-DP4,6.088605,125.1359817,11,0.093
11814,SK-DP4,7K012873,2025-11-17,46,7K012873,1,SK-DP4,6.08823833,125.136735,11,0.239
11814,SK-DP4,7K012841,2025-11-17,47,7K012841,1,SK-DP4,6.08706,125.13854,11,0.11
11814,SK-DP4,7K016751,2025-11-17,48,7K016751,1,SK-DP4,6.08748833,125.1394333,11,0.212
11814,SK-DP4,7K016752,2025-11-17,49,7K016752,1,SK-DP4,6.08706667,125.1413067,11,0.108
11814,SK-DP4,7K015637,2025-11-17,50,7K015637,1,SK-DP4,6.08659833,125.14216,11,0.057
11814,SK-DP4,7K015652,2025-11-17,51,7K015652,1,SK-DP4,6.08639667,125.1426367,11,0.02
11814,SK-DP4,7K016753,2025-11-17,52,7K016753,1,SK-DP4,6.08628,125.1427733,11,0.141
11814,SK-DP4,7K016367,2025-11-17,53,7K016367,1,SK-DP4,6.08508,125.1423717,11,0.889
11814,SK-DP4,7K016729,2025-11-17,54,7K016729,1,SK-DP4,6.09036833,125.1363417,11,0.235
11814,SK-DP4,7K016868,2025-11-17,55,7K016868,1,SK-DP4,6.09236,125.13563,11,0.004
11814,SK-DP4,7K016745,2025-11-17,56,7K016745,1,SK-DP4,6.09239333,125.1356333,11,0.07
11814,SK-DP4,7K016864,2025-11-17,57,7K016864,1,SK-DP4,6.092855,125.1360683,11,0.043
11814,SK-DP4,7K016741,2025-11-17,58,7K016741,1,SK-DP4,6.09311667,125.1357817,11,0.076
11814,SK-DP4,7K016740,2025-11-17,59,7K016740,1,SK-DP4,6.093425,125.1363983,11,0.085
11814,SK-DP4,7K016735,2025-11-17,60,7K016735,1,SK-DP4,6.09266167,125.1364683,11,0.0
11814,SK-DP4,7K011111,2025-11-18,1,7K011111,2,SK-DP4,6.07545833,125.1429583,12,0.029
11814,SK-DP4,7K011211,2025-11-18,2,7K011211,2,SK-DP4,6.07571833,125.1429817,12,0.048
11814,SK-DP4,7K011208,2025-11-18,3,7K011208,2,SK-DP4,6.07614,125.1428733,12,0.049
11814,SK-DP4,7K011105,2025-11-18,4,7K011105,2,SK-DP4,6.07612167,125.1424317,12,0.058
11814,SK-DP4,7K011106,2025-11-18,5,7K011106,2,SK-DP4,6.07663667,125.142355,12,0.063
11814,SK-DP4,7K011832,2025-11-18,6,7K011832,2,SK-DP4,6.07694333,125.1428317,12,0.063
11814,SK-DP4,7K011107,2025-11-18,7,7K011107,2,SK-DP4,6.07735,125.1424317,12,0.255
11814,SK-DP4,7K011214,2025-11-18,8,7K011214,2,SK-DP4,6.07511167,125.1429467,12,0.002
11814,SK-DP4,7K011113,2025-11-18,9,7K011113,2,SK-DP4,6.07511,125.1429617,12,0.046
11814,SK-DP4,7K011112,2025-11-18,10,7K011112,2,SK-DP4,6.07471,125.1428667,12,0.014
11814,SK-DP4,7K011213,2025-11-18,11,7K011213,2,SK-DP4,6.07464833,125.14298,12,0.034
11814,SK-DP4,7K011212,2025-11-18,12,7K011212,2,SK-DP4,6.07434667,125.1429783,12,0.052
11814,SK-DP4,7K011847,2025-11-18,13,7K011847,2,SK-DP4,6.07388,125.1429417,12,0.006
11814,SK-DP4,7K011831,2025-11-18,14,7K011831,2,SK-DP4,6.07383,125.142935,12,0.024
11814,SK-DP4,7K011833,2025-11-18,15,7K011833,2,SK-DP4,6.073625,125.1428683,12,0.106
11814,SK-DP4,7K011103,2025-11-18,16,7K011103,2,SK-DP4,6.07448333,125.1424567,12,0.032
11814,SK-DP4,7K011207,2025-11-18,17,7K011207,2,SK-DP4,6.07477167,125.1424283,12,0.232
11814,SK-DP4,7K014840,2025-11-18,18,7K014840,2,SK-DP4,6.07305,125.1412417,12,0.119
11814,SK-DP4,7K010861,2025-11-18,19,7K010861,2,SK-DP4,6.07306,125.1401617,12,0.018
11814,SK-DP4,7K010942,2025-11-18,20,7K010942,2,SK-DP4,6.07317667,125.1400533,12,0.109
11814,SK-DP4,7K014839,2025-11-18,21,7K014839,2,SK-DP4,6.07412667,125.1397983,12,0.059
11814,SK-DP4,7K014838,2025-11-18,22,7K014838,2,SK-DP4,6.07448,125.1401967,12,0.02
11814,SK-DP4,7K014138,2025-11-18,23,7K014138,2,SK-DP4,6.07465667,125.140145,12,0.072
11814,SK-DP4,7K014137,2025-11-18,24,7K014137,2,SK-DP4,6.07528833,125.1400183,12,0.085
11814,SK-DP4,7K014136,2025-11-18,25,7K014136,2,SK-DP4,6.07605333,125.1400183,12,0.418
11814,SK-DP4,7K010860,2025-11-18,26,7K010860,2,SK-DP4,6.07237333,125.1392683,12,0.054
11814,SK-DP4,7K010364,2025-11-18,27,7K010364,2,SK-DP4,6.07190667,125.13913,12,0.034
11814,SK-DP4,7K010367,2025-11-18,28,7K010367,2,SK-DP4,6.07162,125.1392333,12,0.024
11814,SK-DP4,7K010366,2025-11-18,29,7K010366,2,SK-DP4,6.071595,125.1394483,12,0.042
11814,SK-DP4,7K010368,2025-11-18,30,7K010368,2,SK-DP4,6.071215,125.1394167,12,0.058
11814,SK-DP4,7K010859,2025-11-18,31,7K010859,2,SK-DP4,6.07128167,125.1388983,12,0.044
11814,SK-DP4,7K010872,2025-11-18,32,7K010872,2,SK-DP4,6.07166167,125.1387733,12,0.034
11814,SK-DP4,7K010869,2025-11-18,33,7K010869,2,SK-DP4,6.07196833,125.138785,12,0.022
11814,SK-DP4,7K010866,2025-11-18,34,7K010866,2,SK-DP4,6.072165,125.1387983,12,0.165
11814,SK-DP4,7K010873,2025-11-18,35,7K010873,2,SK-DP4,6.07084333,125.1381267,12,0.02
11814,SK-DP4,7K010874,2025-11-18,36,7K010874,2,SK-DP4,6.07081667,125.1379483,12,0.192
11814,SK-DP4,7K010370,2025-11-18,37,7K010370,2,SK-DP4,6.07033333,125.1396133,12,0.071
11814,SK-DP4,7K010373,2025-11-18,38,7K010373,2,SK-DP4,6.06982333,125.140005,12,0.167
11814,SK-DP4,7K010651,2025-11-18,39,7K010651,2,SK-DP4,6.06885333,125.1411533,12,0.016
11814,SK-DP4,7K010655,2025-11-18,40,7K010655,2,SK-DP4,6.06876833,125.141275,12,0.083
11814,SK-DP4,7K010656,2025-11-18,41,7K010656,2,SK-DP4,6.06872,125.14202,12,0.061
11814,SK-DP4,7K010660,2025-11-18,42,7K010660,2,SK-DP4,6.06923333,125.1422117,12,0.033
11814,SK-DP4,7K010667,2025-11-18,43,7K010667,2,SK-DP4,6.06953333,125.1422283,12,0.218
11814,SK-DP4,7K016774,2025-11-18,44,7K016774,2,SK-DP4,6.06772167,125.1414783,12,0.501
11814,SK-DP4,7K017216,2025-11-18,45,7K017216,2,SK-DP4,6.068305,125.136985,12,0.023
11814,SK-DP4,7K016755,2025-11-18,46,7K016755,2,SK-DP4,6.06827667,125.13678,12,0.016
11814,SK-DP4,7K017213,2025-11-18,47,7K017213,2,SK-DP4,6.06841667,125.1367967,12,0.012
11814,SK-DP4,7K017212,2025-11-18,48,7K017212,2,SK-DP4,6.06845333,125.13669,12,0.007
11814,SK-DP4,7K016754,2025-11-18,49,7K016754,2,SK-DP4,6.06851167,125.1366733,12,0.041
11814,SK-DP4,7K016756,2025-11-18,50,7K016756,2,SK-DP4,6.068145,125.13667,12,0.013
11814,SK-DP4,7K016757,2025-11-18,51,7K016757,2,SK-DP4,6.06804667,125.136615,12,1.504
11814,SK-DP4,7K014731,2025-11-18,52,7K014731,2,SK-DP4,6.07421,125.1245067,12,0.036
11814,SK-DP4,7K014714,2025-11-18,53,7K014714,2,SK-DP4,6.07403333,125.124235,12,0.062
11814,SK-DP4,7K014896,2025-11-18,54,7K014896,2,SK-DP4,6.07418,125.1236933,12,0.042
11814,SK-DP4,7K014847,2025-11-18,55,7K014847,2,SK-DP4,6.07389,125.1234467,12,0.038
11814,SK-DP4,7K014712,2025-11-18,56,7K014712,2,SK-DP4,6.07400667,125.1231217,12,0.074
11814,SK-DP4,7K014733,2025-11-18,57,7K014733,2,SK-DP4,6.074605,125.1234083,12,0.039
11814,SK-DP4,7K014732,2025-11-18,58,7K014732,2,SK-DP4,6.07463167,125.1237633,12,0.141
11814,SK-DP4,7K014713,2025-11-18,59,7K014713,2,SK-DP4,6.07338833,125.1235367,12,0.175
11814,SK-DP4,7K014842,2025-11-18,60,7K014842,2,SK-DP4,6.07436833,125.1223017,12,0.0
11814,SK-DP4,7K016430,2025-11-19,1,7K016430,3,SK-DP4,6.07976833,125.1471617,13,0.099
11814,SK-DP4,7K016428,2025-11-19,2,7K016428,3,SK-DP4,6.08060167,125.1468367,13,0.046
11814,SK-DP4,7K016427,2025-11-19,3,7K016427,3,SK-DP4,6.08098833,125.1467017,13,0.071
11814,SK-DP4,7K016382,2025-11-19,4,7K016382,3,SK-DP4,6.08096667,125.1460583,13,0.042
11814,SK-DP4,7K016385,2025-11-19,5,7K016385,3,SK-DP4,6.08059167,125.1459933,13,0.036
11814,SK-DP4,7K016387,2025-11-19,6,7K016387,3,SK-DP4,6.08044833,125.1456967,13,0.073
11814,SK-DP4,7K016375,2025-11-19,7,7K016375,3,SK-DP4,6.08108833,125.145545,13,0.027
11814,SK-DP4,7K016420,2025-11-19,8,7K016420,3,SK-DP4,6.08100333,125.1453133,13,0.082
11814,SK-DP4,7K016378,2025-11-19,9,7K016378,3,SK-DP4,6.08159333,125.1457567,13,0.03
11814,SK-DP4,7K016384,2025-11-19,10,7K016384,3,SK-DP4,6.08167833,125.1460117,13,0.028
11814,SK-DP4,7K016383,2025-11-19,11,7K016383,3,SK-DP4,6.081775,125.1462483,13,0.368
11814,SK-DP4,7K015820,2025-11-19,12,7K015820,3,SK-DP4,6.08502333,125.146865,13,0.018
11814,SK-DP4,7K015908,2025-11-19,13,7K015908,3,SK-DP4,6.08512667,125.1467417,13,0.134
11814,SK-DP4,7K015821,2025-11-19,14,7K015821,3,SK-DP4,6.08538167,125.1479283,13,0.006
11814,SK-DP4,7K015909,2025-11-19,15,7K015909,3,SK-DP4,6.08543333,125.1479367,13,0.084
11814,SK-DP4,7K015910,2025-11-19,16,7K015910,3,SK-DP4,6.085735,125.14863,13,0.036
11814,SK-DP4,7K015822,2025-11-19,17,7K015822,3,SK-DP4,6.08586167,125.1489267,13,0.083
11814,SK-DP4,7K015911,2025-11-19,18,7K015911,3,SK-DP4,6.086155,125.14962,13,0.019
11814,SK-DP4,7K017211,2025-11-19,19,7K017211,3,SK-DP4,6.08607167,125.149765,13,0.364
11814,SK-DP4,7K016265,2025-11-19,20,7K016265,3,SK-DP4,6.08899833,125.148285,13,0.022
11814,SK-DP4,7K016264,2025-11-19,21,7K016264,3,SK-DP4,6.08911833,125.1484483,13,0.465
11814,SK-DP4,7K015633,2025-11-19,22,7K015633,3,SK-DP4,6.08653,125.14514,13,0.037
11814,SK-DP4,7K015634,2025-11-19,23,7K015634,3,SK-DP4,6.08639667,125.1448367,13,0.018
11814,SK-DP4,7K015632,2025-11-19,24,7K015632,3,SK-DP4,6.08631333,125.1446933,13,0.035
11814,SK-DP4,7K015627,2025-11-19,25,7K015627,3,SK-DP4,6.08608333,125.14491,13,0.013
11814,SK-DP4,7K015628,2025-11-19,26,7K015628,3,SK-DP4,6.08613667,125.1450167,13,0.042
11814,SK-DP4,7K015631,2025-11-19,27,7K015631,3,SK-DP4,6.08589667,125.144725,13,0.037
11814,SK-DP4,7K015635,2025-11-19,28,7K015635,3,SK-DP4,6.08608667,125.1444467,13,0.037
11814,SK-DP4,7K015816,2025-11-19,29,7K015816,3,SK-DP4,6.08575833,125.144375,13,0.065
11814,SK-DP4,7K015655,2025-11-19,30,7K015655,3,SK-DP4,6.085415,125.1439,13,0.013
11814,SK-DP4,7K015656,2025-11-19,31,7K015656,3,SK-DP4,6.08537833,125.1437917,13,0.063
11814,SK-DP4,7K016364,2025-11-19,32,7K016364,3,SK-DP4,6.08481667,125.1437417,13,0.121
11814,SK-DP4,7K015885,2025-11-19,33,7K015885,3,SK-DP4,6.08503,125.1448183,13,0.195
11814,SK-DP4,7K015654,2025-11-19,34,7K015654,3,SK-DP4,6.086295,125.1435933,13,0.966
11814,SK-DP4,7K014151,2025-11-19,35,7K014151,3,SK-DP4,6.07843667,125.1473283,13,0.025
11814,SK-DP4,7K014152,2025-11-19,36,7K014152,3,SK-DP4,6.07828833,125.1475,13,0.024
11814,SK-DP4,7K014396,2025-11-19,37,7K014396,3,SK-DP4,6.07813333,125.1476467,13,0.006
11814,SK-DP4,7K014397,2025-11-19,38,7K014397,3,SK-DP4,6.07816333,125.1476917,13,0.044
11814,SK-DP4,7K014399,2025-11-19,39,7K014399,3,SK-DP4,6.07778,125.1477767,13,0.064
11814,SK-DP4,7K014406,2025-11-19,40,7K014406,3,SK-DP4,6.07795167,125.148325,13,0.025
11814,SK-DP4,7K014408,2025-11-19,41,7K014408,3,SK-DP4,6.07776167,125.1484417,13,0.006
11814,SK-DP4,7K014409,2025-11-19,42,7K014409,3,SK-DP4,6.07773667,125.148485,13,0.013
11814,SK-DP4,7K014412,2025-11-19,43,7K014412,3,SK-DP4,6.07768333,125.14859,13,0.027
11814,SK-DP4,7K014410,2025-11-19,44,7K014410,3,SK-DP4,6.07755167,125.148385,13,0.126
11814,SK-DP4,7K014155,2025-11-19,45,7K014155,3,SK-DP4,6.07866167,125.1481367,13,0.532
11814,SK-DP4,7K011118,2025-11-19,46,7K011118,3,SK-DP4,6.07660333,125.14379,13,0.002
11814,SK-DP4,7K011117,2025-11-19,47,7K011117,3,SK-DP4,6.076585,125.1437917,13,0.026
11814,SK-DP4,7K011116,2025-11-19,48,7K011116,3,SK-DP4,6.07639667,125.1436467,13,0.025
11814,SK-DP4,7K011268,2025-11-19,49,7K011268,3,SK-DP4,6.07628167,125.143845,13,0.05
11814,SK-DP4,7K011255,2025-11-19,50,7K011255,3,SK-DP4,6.07631833,125.1433917,13,0.021
11814,SK-DP4,7K011115,2025-11-19,51,7K011115,3,SK-DP4,6.07614667,125.14332,13,0.038
11814,SK-DP4,7K011108,2025-11-19,52,7K011108,3,SK-DP4,6.076005,125.1430033,13,0.032
11814,SK-DP4,7K011210,2025-11-19,53,7K011210,3,SK-DP4,6.076285,125.142945,13,0.07
11814,SK-DP4,7K011216,2025-11-19,54,7K011216,3,SK-DP4,6.07565833,125.1429967,13,0.087
11814,SK-DP4,7K011114,2025-11-19,55,7K011114,3,SK-DP4,6.074965,125.1433633,13,0.292
11814,SK-DP4,7K011120,2025-11-19,56,7K011120,3,SK-DP4,6.07757,125.14305,13,1.884
11814,SK-DP4,7K015342,2025-11-19,57,7K015342,3,SK-DP4,6.09364333,125.1376483,13,0.075
11814,SK-DP4,7K016736,2025-11-19,58,7K016736,3,SK-DP4,6.09359333,125.1369733,13,0.067
11814,SK-DP4,7K016737,2025-11-19,59,7K016737,3,SK-DP4,6.09386,125.1364267,13,0.162
11814,SK-DP4,7K016743,2025-11-19,60,7K016743,3,SK-DP4,6.09408333,125.1349833,13,0.0
11814,SK-DP4,7K012370,2025-11-20,1,7K012370,4,SK-DP4,6.06859333,125.15444,14,0.009
11814,SK-DP4,7K012369,2025-11-20,2,7K012369,4,SK-DP4,6.06854,125.1543817,14,0.024
11814,SK-DP4,7K012368,2025-11-20,3,7K012368,4,SK-DP4,6.06849333,125.1541717,14,0.026
11814,SK-DP4,7K012367,2025-11-20,4,7K012367,4,SK-DP4,6.06863,125.1539783,14,0.025
11814,SK-DP4,7K012366,2025-11-20,5,7K012366,4,SK-DP4,6.06848833,125.1538083,14,0.107
11814,SK-DP4,7K012719,2025-11-20,6,7K012719,4,SK-DP4,6.06834667,125.1547633,14,0.016
11814,SK-DP4,7K012720,2025-11-20,7,7K012720,4,SK-DP4,6.06844,125.1548717,14,0.116
11814,SK-DP4,7K012722,2025-11-20,8,7K012722,4,SK-DP4,6.06907667,125.1557,14,0.009
11814,SK-DP4,7K012729,2025-11-20,9,7K012729,4,SK-DP4,6.06910833,125.1557733,14,0.009
11814,SK-DP4,7K012728,2025-11-20,10,7K012728,4,SK-DP4,6.06903667,125.15581,14,0.012
11814,SK-DP4,7K012723,2025-11-20,11,7K012723,4,SK-DP4,6.06899333,125.1559133,14,0.013
11814,SK-DP4,7K012726,2025-11-20,12,7K012726,4,SK-DP4,6.069045,125.1560217,14,0.044
11814,SK-DP4,7K012738,2025-11-20,13,7K012738,4,SK-DP4,6.06939,125.155825,14,0.006
11814,SK-DP4,7K012737,2025-11-20,14,7K012737,4,SK-DP4,6.06937,125.1557783,14,0.012
11814,SK-DP4,7K012736,2025-11-20,15,7K012736,4,SK-DP4,6.06939833,125.1556717,14,0.009
11814,SK-DP4,7K012730,2025-11-20,16,7K012730,4,SK-DP4,6.06932,125.155645,14,0.006
11814,SK-DP4,7K012731,2025-11-20,17,7K012731,4,SK-DP4,6.06926667,125.1556233,14,0.032
11814,SK-DP4,7K012735,2025-11-20,18,7K012735,4,SK-DP4,6.06943167,125.155385,14,0.102
11814,SK-DP4,7K012741,2025-11-20,19,7K012741,4,SK-DP4,6.07025,125.1549717,14,0.046
11814,SK-DP4,7K011142,2025-11-20,20,7K011142,4,SK-DP4,6.07064833,125.1548483,14,0.034
11814,SK-DP4,7K011154,2025-11-20,21,7K011154,4,SK-DP4,6.07056833,125.15455,14,0.017
11814,SK-DP4,7K012742,2025-11-20,22,7K012742,4,SK-DP4,6.07058833,125.1543983,14,0.011
11814,SK-DP4,7K011135,2025-11-20,23,7K011135,4,SK-DP4,6.07068,125.1544383,14,0.035
11814,SK-DP4,7K011156,2025-11-20,24,7K011156,4,SK-DP4,6.07059,125.1541333,14,0.011
11814,SK-DP4,7K011133,2025-11-20,25,7K011133,4,SK-DP4,6.0706,125.1540367,14,0.033
11814,SK-DP4,7K012743,2025-11-20,26,7K012743,4,SK-DP4,6.07041167,125.1542667,14,0.073
11814,SK-DP4,7K010900,2025-11-20,27,7K010900,4,SK-DP4,6.07089833,125.153825,14,0.008
11814,SK-DP4,7K010899,2025-11-20,28,7K010899,4,SK-DP4,6.07085167,125.153765,14,0.04
11814,SK-DP4,7K010897,2025-11-20,29,7K010897,4,SK-DP4,6.07102667,125.1534517,14,0.051
11814,SK-DP4,7K010896,2025-11-20,30,7K010896,4,SK-DP4,6.07148833,125.153455,14,0.017
11814,SK-DP4,7K011161,2025-11-20,31,7K011161,4,SK-DP4,6.07163833,125.1534683,14,0.048
11814,SK-DP4,7K010895,2025-11-20,32,7K010895,4,SK-DP4,6.07173333,125.153045,14,0.026
11814,SK-DP4,7K010894,2025-11-20,33,7K010894,4,SK-DP4,6.07164667,125.1528233,14,0.008
11814,SK-DP4,7K010890,2025-11-20,34,7K010890,4,SK-DP4,6.07157833,125.152795,14,0.024
11814,SK-DP4,7K010888,2025-11-20,35,7K010888,4,SK-DP4,6.07179333,125.1528133,14,0.009
11814,SK-DP4,7K011414,2025-11-20,36,7K011414,4,SK-DP4,6.07186,125.1527617,14,0.011
11814,SK-DP4,7K010886,2025-11-20,37,7K010886,4,SK-DP4,6.07195667,125.1527833,14,0.011
11814,SK-DP4,7K010887,2025-11-20,38,7K010887,4,SK-DP4,6.07202,125.152855,14,0.016
11814,SK-DP4,7K011412,2025-11-20,39,7K011412,4,SK-DP4,6.07197333,125.15299,14,0.014
11814,SK-DP4,7K011411,2025-11-20,40,7K011411,4,SK-DP4,6.07200667,125.1531083,14,0.008
11814,SK-DP4,7K011410,2025-11-20,41,7K011410,4,SK-DP4,6.07204667,125.15317,14,0.007
11814,SK-DP4,7K011409,2025-11-20,42,7K011409,4,SK-DP4,6.07209333,125.1532167,14,0.004
11814,SK-DP4,7K011408,2025-11-20,43,7K011408,4,SK-DP4,6.07212333,125.153205,14,0.024
11814,SK-DP4,7K011736,2025-11-20,44,7K011736,4,SK-DP4,6.07233,125.153275,14,0.022
11814,SK-DP4,7K011203,2025-11-20,45,7K011203,4,SK-DP4,6.07220167,125.1534233,14,0.021
11814,SK-DP4,7K011167,2025-11-20,46,7K011167,4,SK-DP4,6.07220833,125.1536167,14,0.014
11814,SK-DP4,7K011165,2025-11-20,47,7K011165,4,SK-DP4,6.072085,125.1535833,14,0.031
11814,SK-DP4,7K011172,2025-11-20,48,7K011172,4,SK-DP4,6.07221167,125.153835,14,0.029
11814,SK-DP4,7K011202,2025-11-20,49,7K011202,4,SK-DP4,6.07244,125.1537033,14,0.092
11814,SK-DP4,7K011738,2025-11-20,50,7K011738,4,SK-DP4,6.07236333,125.1528717,14,0.023
11814,SK-DP4,7K011739,2025-11-20,51,7K011739,4,SK-DP4,6.07243,125.1526733,14,0.009
11814,SK-DP4,7K011740,2025-11-20,52,7K011740,4,SK-DP4,6.07248333,125.1526117,14,0.012
11814,SK-DP4,7K011741,2025-11-20,53,7K011741,4,SK-DP4,6.07246,125.1525033,14,0.016
11814,SK-DP4,7K011744,2025-11-20,54,7K011744,4,SK-DP4,6.07243833,125.1523633,14,0.017
11814,SK-DP4,7K010881,2025-11-20,55,7K010881,4,SK-DP4,6.07232333,125.152265,14,0.015
11814,SK-DP4,7K010879,2025-11-20,56,7K010879,4,SK-DP4,6.07242833,125.1521733,14,0.036
11814,SK-DP4,7K010878,2025-11-20,57,7K010878,4,SK-DP4,6.07256167,125.1518783,14,0.081
11814,SK-DP4,7K010882,2025-11-20,58,7K010882,4,SK-DP4,6.07203333,125.1523833,14,0.034
11814,SK-DP4,7K011734,2025-11-20,59,7K011734,4,SK-DP4,6.07221333,125.15263,14,0.384
11814,SK-DP4,7K012355,2025-11-20,60,7K012355,4,SK-DP4,6.06879667,125.15211,14,0.0
11814,SK-DP4,7K010852,2025-11-21,1,7K010852,5,SK-DP4,6.06723833,125.1429217,15,0.027
11814,SK-DP4,7K016706,2025-11-21,2,7K016706,5,SK-DP4,6.06699833,125.14296,15,0.041
11814,SK-DP4,7K016839,2025-11-21,3,7K016839,5,SK-DP4,6.06709167,125.14332,15,0.024
11814,SK-DP4,7K016707,2025-11-21,4,7K016707,5,SK-DP4,6.06730333,125.143275,15,0.01
11814,SK-DP4,7K016840,2025-11-21,5,7K016840,5,SK-DP4,6.06738167,125.143325,15,0.105
11814,SK-DP4,7K010853,2025-11-21,6,7K010853,5,SK-DP4,6.06827333,125.1430067,15,0.036
11814,SK-DP4,7K010849,2025-11-21,7,7K010849,5,SK-DP4,6.068585,125.1429233,15,0.035
11814,SK-DP4,7K010855,2025-11-21,8,7K010855,5,SK-DP4,6.06889167,125.1429933,15,0.044
11814,SK-DP4,7K010856,2025-11-21,9,7K010856,5,SK-DP4,6.069285,125.142945,15,0.035
11814,SK-DP4,7K010665,2025-11-21,10,7K010665,5,SK-DP4,6.06955333,125.1427767,15,0.009
11814,SK-DP4,7K010666,2025-11-21,11,7K010666,5,SK-DP4,6.06957167,125.142695,15,0.011
11814,SK-DP4,7K010664,2025-11-21,12,7K010664,5,SK-DP4,6.06956667,125.1425967,15,0.054
11814,SK-DP4,7K010661,2025-11-21,13,7K010661,5,SK-DP4,6.06917167,125.142305,15,0.036
11814,SK-DP4,7K010658,2025-11-21,14,7K010658,5,SK-DP4,6.06885333,125.1423633,15,0.005
11814,SK-DP4,7K010659,2025-11-21,15,7K010659,5,SK-DP4,6.06881,125.14235,15,0.034
11814,SK-DP4,7K010699,2025-11-21,16,7K010699,5,SK-DP4,6.06850667,125.14231,15,0.002
11814,SK-DP4,7K010652,2025-11-21,17,7K010652,5,SK-DP4,6.06848833,125.1423133,15,0.006
11814,SK-DP4,7K010653,2025-11-21,18,7K010653,5,SK-DP4,6.06844,125.1422833,15,0.193
11814,SK-DP4,7K010848,2025-11-21,19,7K010848,5,SK-DP4,6.07003167,125.1429783,15,0.012
11814,SK-DP4,7K010937,2025-11-21,20,7K010937,5,SK-DP4,6.07013833,125.1429433,15,0.093
11814,SK-DP4,7K010029,2025-11-21,21,7K010029,5,SK-DP4,6.070755,125.143505,15,0.016
11814,SK-DP4,7K009799,2025-11-21,22,7K009799,5,SK-DP4,6.07083333,125.1436217,15,0.027
11814,SK-DP4,7K010939,2025-11-21,23,7K010939,5,SK-DP4,6.07065,125.1437883,15,0.001
11814,SK-DP4,7K010858,2025-11-21,24,7K010858,5,SK-DP4,6.07064,125.143795,15,0.023
11814,SK-DP4,7K011092,2025-11-21,25,7K011092,5,SK-DP4,6.07081833,125.143905,15,0.052
11814,SK-DP4,7K010074,2025-11-21,26,7K010074,5,SK-DP4,6.07118167,125.143605,15,0.01
11814,SK-DP4,7K010001,2025-11-21,27,7K010001,5,SK-DP4,6.07126833,125.1435783,15,0.069
11814,SK-DP4,7K010008,2025-11-21,28,7K010008,5,SK-DP4,6.07187667,125.1436817,15,0.022
11814,SK-DP4,7K010080,2025-11-21,29,7K010080,5,SK-DP4,6.07206167,125.1436233,15,0.023
11814,SK-DP4,7K010081,2025-11-21,30,7K010081,5,SK-DP4,6.07196333,125.14344,15,0.002
11814,SK-DP4,7K010009,2025-11-21,31,7K010009,5,SK-DP4,6.07194667,125.1434367,15,0.043
11814,SK-DP4,7K010007,2025-11-21,32,7K010007,5,SK-DP4,6.07232167,125.143325,15,0.033
11814,SK-DP4,7K010013,2025-11-21,33,7K010013,5,SK-DP4,6.0723,125.1436267,15,0.042
11814,SK-DP4,7K010010,2025-11-21,34,7K010010,5,SK-DP4,6.07251667,125.1439383,15,0.01
11814,SK-DP4,7K010012,2025-11-21,35,7K010012,5,SK-DP4,6.07255667,125.1440233,15,0.038
11814,SK-DP4,7K014141,2025-11-21,36,7K014141,5,SK-DP4,6.07275833,125.1442967,15,0.036
11814,SK-DP4,7K014142,2025-11-21,37,7K014142,5,SK-DP4,6.07304333,125.14446,15,0.018
11814,SK-DP4,7K014143,2025-11-21,38,7K014143,5,SK-DP4,6.073205,125.14449,15,0.014
11814,SK-DP4,7K014144,2025-11-21,39,7K014144,5,SK-DP4,6.07332333,125.1444417,15,0.015
11814,SK-DP4,7K011137,2025-11-21,40,7K011137,5,SK-DP4,6.07322167,125.1443583,15,0.034
11814,SK-DP4,7K014145,2025-11-21,41,7K014145,5,SK-DP4,6.07335667,125.14463,15,0.019
11814,SK-DP4,7K014146,2025-11-21,42,7K014146,5,SK-DP4,6.07351667,125.1445617,15,0.039
11814,SK-DP4,7K011141,2025-11-21,43,7K011141,5,SK-DP4,6.073545,125.14421,15,0.071
11814,SK-DP4,7K010011,2025-11-21,44,7K010011,5,SK-DP4,6.07296,125.1439583,15,0.075
11814,SK-DP4,7K014140,2025-11-21,45,7K014140,5,SK-DP4,6.07240667,125.1443517,15,0.028
11814,SK-DP4,7K011098,2025-11-21,46,7K011098,5,SK-DP4,6.072225,125.14417,15,0.134
11814,SK-DP4,7K010015,2025-11-21,47,7K010015,5,SK-DP4,6.07252333,125.1429933,15,0.011
11814,SK-DP4,7K010014,2025-11-21,48,7K010014,5,SK-DP4,6.07244,125.1429433,15,0.362
11814,SK-DP4,7K014147,2025-11-21,49,7K014147,5,SK-DP4,6.07486167,125.145125,15,0.019
11814,SK-DP4,7K014148,2025-11-21,50,7K014148,5,SK-DP4,6.07502667,125.1450883,15,0.007
11814,SK-DP4,7K016708,2025-11-21,51,7K016708,5,SK-DP4,6.07502667,125.1450283,15,0.027
11814,SK-DP4,7K014149,2025-11-21,52,7K014149,5,SK-DP4,6.07514167,125.1452433,15,0.035
11814,SK-DP4,7K014150,2025-11-21,53,7K014150,5,SK-DP4,6.07543,125.1453767,15,0.421
11814,SK-DP4,7K014411,2025-11-21,54,7K014411,5,SK-DP4,6.07756833,125.1485167,15,0.019
11814,SK-DP4,7K014413,2025-11-21,55,7K014413,5,SK-DP4,6.077705,125.1486183,15,0.042
11814,SK-DP4,7K014417,2025-11-21,56,7K014417,5,SK-DP4,6.077745,125.1489967,15,0.08
11814,SK-DP4,7K014419,2025-11-21,57,7K014419,5,SK-DP4,6.07820833,125.1495483,15,0.435
11814,SK-DP4,7K011755,2025-11-21,58,7K011755,5,SK-DP4,6.074985,125.1517767,15,0.036
11814,SK-DP4,7K011754,2025-11-21,59,7K011754,5,SK-DP4,6.07466833,125.1517183,15,0.029
11814,SK-DP4,7K011753,2025-11-21,60,7K011753,5,SK-DP4,6.07441333,125.151775,15,0.0
11814,SK-DP4,7K011750,2025-11-24,1,7K011750,1,SK-DP4,6.07413333,125.151795,16,0.009
11814,SK-DP4,7K011751,2025-11-24,2,7K011751,1,SK-DP4,6.07419,125.1518517,16,0.729
11814,SK-DP4,7K013863,2025-11-24,3,7K013863,1,SK-DP4,6.06824,125.14908,16,0.184
11814,SK-DP4,7K013862,2025-11-24,4,7K013862,1,SK-DP4,6.06831333,125.1474183,16,0.95
11814,SK-DP4,7K012727,2025-11-24,5,7K012727,1,SK-DP4,6.06889833,125.1559867,16,0.0
