store,latitude,longitude,dayno,sequence,distancetonextstore
7K010857,6.07029833,125.1429533,1,1,0.042
7K010668,6.06996833,125.1427733,1,2,0.069
7K010670,6.07042,125.1423483,1,3,0.015
7K010671,6.07036167,125.1422267,1,4,0.044
7K010739,6.07075,125.1421467,1,5,0.008
7K010022,6.07082,125.142125,1,6,0.021
7K010018,6.070845,125.142315,1,7,0.02
7K010028,6.07083333,125.1424933,1,8,0.053
7K010077,6.07101167,125.1429417,1,9,0.037
7K010003,6.071345,125.1429,1,10,0.011
7K010017,6.07140167,125.1429867,1,11,0.007
7K010005,6.07146167,125.1429867,1,12,0.025
7K010016,6.07169,125.1430067,1,13,0.018
7K010078,6.07180667,125.1428933,1,14,0.031
7K010006,6.07208333,125.1428667,1,15,0.078
7K010019,6.071655,125.14231,1,16,0.022
7K010020,6.07161833,125.1421117,1,17,0.021
7K010021,6.071435,125.1421383,1,18,0.082
7K010672,6.07085667,125.141685,1,19,0.066
7K010332,6.07080333,125.141095,1,20,0.032
7K010333,6.07082,125.1408067,1,21,0.039
7K010337,6.07117167,125.1408417,1,22,0.02
7K010334,6.07124333,125.1406783,1,23,0.03
7K010350,6.07107167,125.1404683,1,24,0.01
7K010467,6.071005,125.1404083,1,25,0.03
7K010351,6.07074333,125.1403367,1,26,0.037
7K010469,6.07085667,125.1400233,1,27,0.011
7K010352,6.07095833,125.14004,1,28,0.04
7K010353,6.07132,125.140025,1,29,0.024
7K010354,6.071535,125.1400417,1,30,0.026
7K010345,6.07157667,125.1402767,1,31,0.016
7K010347,6.07143167,125.140305,1,32,0.022
7K010344,6.071565,125.14045,1,33,0.016
7K010346,6.071625,125.1405783,1,34,0.007
7K010372,6.07161,125.14064,1,35,0.013
7K010343,6.07159,125.140755,1,36,0.007
7K010338,6.07161833,125.1408133,1,37,0.021
7K010340,6.07163833,125.1410017,1,38,0.026
7K010113,6.07159167,125.14123,1,39,0.011
7K010027,6.071535,125.1413117,1,40,0.001
7K010025,6.07152833,125.1413233,1,41,0.039
7K010026,6.071875,125.1412483,1,42,0.075
7K010335,6.07123167,125.1410483,1,43,0.093
7K010638,6.07039167,125.1410483,1,44,0.021
7K010637,6.07040167,125.1408583,1,45,0.046
7K010641,6.07040333,125.1412717,1,46,0.049
7K010632,6.07002667,125.1410433,1,47,0.042
7K010642,6.06968,125.1408867,1,48,0.042
7K010696,6.06971,125.1412667,1,49,0.034
7K010650,6.069405,125.1412367,1,50,0.094
7K010375,6.06992667,125.140565,1,51,0.064
7K010371,6.07006167,125.140005,1,52,0.032
7K010634,6.070345,125.1399483,1,53,0.016
7K010640,6.07035667,125.1400917,1,54,0.158
7K010472,6.07177667,125.140035,1,55,0.022
7K010363,6.071965,125.1400967,1,56,0.009
7K010355,6.07197333,125.1401733,1,57,0.02
7K010362,6.0721,125.140045,1,58,0.015
7K010474,6.07222333,125.1400883,1,59,0.033
7K010360,6.07237667,125.14034,1,60,0.0
7K014205,6.08700833,125.13184,2,1,0.021
7K014113,6.08681833,125.1318683,2,2,0.044
7K013917,6.08679167,125.132265,2,3,0.043
7K013895,6.08711667,125.1324783,2,4,0.106
7K013869,6.08806333,125.1323867,2,5,0.066
7K013896,6.08838167,125.1318867,2,6,0.016
7K013870,6.08831833,125.1317567,2,7,0.01
7K013894,6.08825833,125.1316867,2,8,0.032
7K014114,6.08814667,125.13142,2,9,0.019
7K014119,6.08810333,125.1312517,2,10,0.036
7K014210,6.08792667,125.1315233,2,11,0.016
7K014120,6.08778833,125.1315433,2,12,0.082
7K013893,6.08848167,125.131295,2,13,0.031
7K013930,6.08874,125.1312,2,14,0.011
7K014206,6.08882333,125.1311433,2,15,0.03
7K014117,6.08882333,125.1308733,2,16,0.058
7K014116,6.08836667,125.1306217,2,17,0.106
7K014115,6.08931833,125.13071,2,18,0.058
7K013898,6.08956833,125.13117,2,19,0.004
7K013926,6.08956667,125.1312017,2,20,0.023
7K013892,6.08937667,125.1312717,2,21,0.054
7K013929,6.08893333,125.1314617,2,22,0.059
7K013897,6.08920833,125.1319167,2,23,0.064
7K013871,6.088635,125.1319033,2,24,0.22
7K013872,6.09045333,125.13112,2,25,0.023
7K013907,6.09061,125.1312617,2,26,0.038
7K013886,6.09084667,125.1310117,2,27,0.028
7K013888,6.090945,125.1307783,2,28,0.063
7K013890,6.09102,125.1302117,2,29,0.052
7K013925,6.090555,125.130275,2,30,0.025
7K013891,6.09033,125.1302483,2,31,0.127
7K013889,6.09143667,125.1299667,2,32,0.151
7K013885,6.09123167,125.1313167,2,33,0.021
7K013910,6.09109833,125.131455,2,34,0.033
7K013873,6.09086667,125.1316433,2,35,0.028
7K013908,6.09098833,125.131865,2,36,0.006
7K013875,6.091045,125.13186,2,37,0.006
7K013874,6.09105333,125.1319133,2,38,0.024
7K013911,6.09118333,125.1320883,2,39,0.042
7K013877,6.09156,125.1320783,2,40,0.065
7K013884,6.09214333,125.13205,2,41,0.05
7K013883,6.09246667,125.1323617,2,42,0.027
7K013878,6.092265,125.132505,2,43,0.053
7K013879,6.09210167,125.1329567,2,44,0.025
7K013913,6.09194167,125.13311,2,45,0.041
7K013880,6.09208667,125.1334533,2,46,0.101
7K013914,6.092605,125.1342067,2,47,0.062
7K013881,6.09286833,125.1347,2,48,0.024
7K013882,6.09269667,125.1348333,2,49,0.37
7K013876,6.090795,125.13209,2,50,0.18
7K013887,6.09221833,125.13131,2,51,0.594
7K013612,6.088235,125.127735,2,52,0.05
7K013689,6.08784167,125.1279617,2,53,0.394
7K014121,6.08652833,125.1312717,2,54,0.048
7K014122,6.08610833,125.131385,2,55,0.059
7K014204,6.08587333,125.1318667,2,56,0.038
7K013918,6.08565667,125.1321283,2,57,0.043
7K013868,6.08583,125.1324767,2,58,0.114
7K014123,6.08554333,125.1314833,2,59,0.661
7K012704,6.08939833,125.136035,2,60,0.0
7K016363,6.08937,125.1493567,3,1,0.047
7K016405,6.08909,125.1490367,3,2,0.004
7K016358,6.08908167,125.149005,3,3,0.007
7K016354,6.0891,125.1489433,3,4,0.032
7K016272,6.08884167,125.1490683,3,5,0.021
7K016406,6.08886833,125.1492583,3,6,0.005
7K016359,6.08882167,125.1492683,3,7,0.057
7K016269,6.08848,125.1488783,3,8,0.024
7K016268,6.088535,125.148665,3,9,0.011
7K016267,6.08854667,125.1485667,3,10,0.023
7K016266,6.08850333,125.148365,3,11,0.043
7K016270,6.08822833,125.1486367,3,12,0.03
7K016402,6.08804833,125.148835,3,13,0.138
7K016362,6.08880333,125.1498217,3,14,0.046
7K016259,6.08909167,125.15012,3,15,0.019
7K016260,6.08925667,125.1500617,3,16,0.017
7K016407,6.089265,125.1499117,3,17,0.062
7K016257,6.08893167,125.1503583,3,18,0.025
7K016271,6.08890833,125.1505833,3,19,0.027
7K016409,6.088905,125.15083,3,20,0.011
7K016256,6.08892167,125.1509317,3,21,0.016
7K013557,6.08901833,125.1510383,3,22,0.016
7K013553,6.08889833,125.1511167,3,23,0.013
7K013550,6.08883167,125.1512083,3,24,0.025
7K013548,6.08890667,125.1514217,3,25,0.046
7K013195,6.088855,125.15183,3,26,0.004
7K013194,6.08882833,125.15186,3,27,0.006
7K013178,6.08877167,125.1518583,3,28,0.02
7K013193,6.08887667,125.152005,3,29,0.023
7K013541,6.08902833,125.1521433,3,30,0.033
7K013181,6.08891333,125.15242,3,31,0.013
7K013188,6.088965,125.1525217,3,32,0.022
7K013189,6.08915833,125.15257,3,33,0.011
7K013190,6.08925167,125.1525933,3,34,0.02
7K013191,6.08921167,125.1527717,3,35,0.089
7K013183,6.08848167,125.1531033,3,36,0.016
7K013187,6.08834833,125.1531617,3,37,0.024
7K013540,6.088315,125.1529467,3,38,0.043
7K013186,6.08813833,125.1532967,3,39,0.106
7K013536,6.08823333,125.1523433,3,40,0.011
7K013535,6.08824333,125.152245,3,41,0.011
7K013533,6.088145,125.1522417,3,42,0.038
7K013198,6.08828833,125.1519333,3,43,0.006
7K013199,6.088245,125.151905,3,44,0.004
7K013175,6.08821833,125.1518767,3,45,0.016
7K013197,6.08833833,125.15195,3,46,0.015
7K013176,6.08838833,125.151825,3,47,0.014
7K013177,6.088515,125.15181,3,48,0.013
7K013196,6.08856,125.15192,3,49,0.071
7K013562,6.088515,125.15128,3,50,0.016
7K013566,6.088375,125.15128,3,51,0.099
7K013505,6.08783667,125.151995,3,52,0.012
7K013530,6.08773667,125.1519633,3,53,0.019
7K013173,6.08756667,125.1519983,3,54,0.017
7K013172,6.08743,125.151925,3,55,0.005
7K013171,6.087415,125.151965,3,56,0.005
7K013170,6.08737833,125.1519467,3,57,0.01
7K013531,6.08732167,125.152015,3,58,0.223
7K013542,6.08931833,125.1518017,3,59,0.149
7K016262,6.089465,125.1504617,3,60,0.0
7K010617,6.072015,125.1472067,4,1,0.039
7K010625,6.07209333,125.1475517,4,2,0.034
7K010614,6.07235333,125.147705,4,3,0.048
7K010613,6.07221333,125.1481133,4,4,0.032
7K010610,6.07193833,125.14804,4,5,0.011
7K010627,6.07186333,125.1481083,4,6,0.004
7K010628,6.07182667,125.148125,4,7,0.032
7K010434,6.07167167,125.14837,4,8,0.061
7K010051,6.07114167,125.1485233,4,9,0.008
7K010421,6.07106833,125.1485267,4,10,0.012
7K010418,6.07112167,125.14843,4,11,0.053
7K010049,6.071075,125.14891,4,12,0.003
7K010422,6.07104667,125.1489183,4,13,0.015
7K010048,6.07107833,125.1490517,4,14,0.035
7K010629,6.071375,125.14896,4,15,0.069
7K010047,6.07107333,125.1495033,4,16,0.034
7K010046,6.07083167,125.1496883,4,17,0.014
7K010428,6.07073833,125.1497667,4,18,0.027
7K010430,6.0705,125.1497067,4,19,0.033
7K010424,6.07069667,125.1494867,4,20,0.011
7K010425,6.07070333,125.1493883,4,21,0.051
7K010042,6.07024333,125.14941,4,22,0.012
7K010043,6.07021,125.149515,4,23,0.016
7K010044,6.070195,125.149655,4,24,0.057
7K010423,6.07016,125.1491433,4,25,0.06
7K010038,6.07025167,125.148605,4,26,0.028
7K010417,6.07049333,125.1485383,4,27,0.041
7K010416,6.07045,125.1481733,4,28,0.032
7K010036,6.07028833,125.1479317,4,29,0.004
7K010415,6.070255,125.1479383,4,30,0.092
7K010414,6.070985,125.147545,4,31,0.017
7K010413,6.071135,125.147525,4,32,0.004
7K010053,6.07114667,125.14756,4,33,0.013
7K010052,6.07113167,125.147675,4,34,0.029
7K010054,6.07120333,125.14742,4,35,0.01
7K010435,6.07129,125.1474117,4,36,0.028
7K010412,6.07108833,125.1472583,4,37,0.034
7K010055,6.07123833,125.1469883,4,38,0.04
7K010620,6.07152667,125.1472067,4,39,0.014
7K010619,6.07164833,125.147225,4,40,0.035
7K010621,6.07166,125.1475383,4,41,0.113
7K010411,6.07084833,125.1469167,4,42,0.05
7K010034,6.07041,125.1470167,4,43,0.19
7K013859,6.06881333,125.147625,4,44,0.017
7K013858,6.06869167,125.147725,4,45,0.019
7K013857,6.068635,125.1478883,4,46,0.018
7K013856,6.06848333,125.1479533,4,47,0.005
7K013855,6.068445,125.1479683,4,48,0.016
7K013854,6.06830167,125.1479633,4,49,0.012
7K013853,6.06827833,125.148065,4,50,0.017
7K013852,6.06830333,125.148215,4,51,0.034
7K013851,6.068605,125.1481717,4,52,0.034
7K013848,6.06863833,125.1484783,4,53,0.016
7K013850,6.06878,125.1484667,4,54,0.006
7K013847,6.068825,125.148495,4,55,0.027
7K013845,6.06873667,125.1487183,4,56,0.005
7K013846,6.06877833,125.1487383,4,57,0.031
7K013844,6.06850667,125.1488,4,58,0.023
7K013843,6.06831333,125.1487217,4,59,0.029
7K013849,6.06843833,125.1484917,4,60,0.0
7K015973,6.084055,125.1209283,5,1,0.028
7K015971,6.083955,125.12116,5,2,0.014
7K016001,6.08407333,125.1211883,5,3,0.021
7K015964,6.084175,125.1213433,5,4,0.042
7K015965,6.083915,125.1216233,5,5,0.039
7K015967,6.08368667,125.1218917,5,6,0.048
7K015999,6.08326667,125.1217967,5,7,0.072
7K015970,6.08338167,125.12116,5,8,0.039
7K015974,6.083035,125.1211217,5,9,0.033
7K015975,6.08289833,125.1208533,5,10,0.027
7K015972,6.08312667,125.1207783,5,11,0.061
7K016002,6.08366167,125.120885,5,12,0.032
7K016000,6.08379667,125.1211417,5,13,0.107
7K015966,6.08448667,125.1218133,5,14,0.072
7K015963,6.08509833,125.1215983,5,15,0.055
7K015992,6.08557667,125.121465,5,16,0.025
7K015961,6.08564,125.1216817,5,17,0.069
7K015959,6.08559333,125.121055,5,18,0.128
7K015957,6.08635667,125.121925,5,19,0.152
7K013693,6.08718667,125.1230117,5,20,0.127
7K013614,6.08725833,125.1241583,5,21,0.081
7K013210,6.08690167,125.1247967,5,22,0.078
7K013211,6.08642167,125.124285,5,23,0.084
7K013212,6.08581667,125.1247433,5,24,0.006
7K013208,6.08576333,125.1247517,5,25,0.007
7K013216,6.08572333,125.1246983,5,26,0.031
7K013326,6.08545167,125.124745,5,27,0.036
7K013592,6.08513333,125.1248083,5,28,0.01
7K013336,6.08504833,125.1247767,5,29,0.033
7K013617,6.08477833,125.1249083,5,30,0.009
7K013695,6.08471333,125.1249567,5,31,0.032
7K013618,6.084485,125.1247767,5,32,0.058
7K013697,6.08396667,125.1246883,5,33,0.012
7K013619,6.08387,125.12473,5,34,0.125
7K013600,6.08380833,125.1258583,5,35,0.021
7K013601,6.08376833,125.1260417,5,36,0.039
7K013599,6.08394833,125.1263483,5,37,0.03
7K013678,6.0842,125.1264517,5,38,0.008
7K013622,6.08427,125.1264783,5,39,0.02
7K013701,6.08444667,125.1264533,5,40,0.011
7K013677,6.08453667,125.1264083,5,41,0.038
7K013675,6.08487833,125.1264567,5,42,0.052
7K013597,6.0847,125.126025,5,43,0.07
7K013674,6.08505167,125.125505,5,44,0.032
7K013594,6.08506667,125.1252133,5,45,0.053
7K013219,6.08535833,125.1255933,5,46,0.098
7K013262,6.08572,125.1264033,5,47,0.228
7K013217,6.085485,125.1243517,5,48,0.055
7K013288,6.08574167,125.123925,5,49,0.005
7K013325,6.085735,125.1238817,5,50,0.022
7K013214,6.08571,125.123685,5,51,0.394
7K013602,6.08334167,125.1263367,5,52,0.122
7K013228,6.08226,125.1265067,5,53,0.056
7K013603,6.08224,125.1260033,5,54,0.094
7K013621,6.082245,125.1251567,5,55,0.426
7K015980,6.08187667,125.1213217,5,56,0.206
7K015976,6.08231333,125.11951,5,57,0.073
7K015978,6.08287333,125.1191667,5,58,0.074
7K015977,6.08244833,125.1186483,5,59,0.022
7K016052,6.08225667,125.1187083,5,60,0.0
7K016431,6.07800333,125.1463617,6,1,0.027
7K011501,6.07805167,125.146125,6,2,0.009
7K011539,6.07813167,125.1461167,6,3,0.007
7K011506,6.078195,125.14611,6,4,0.015
7K011540,6.07826167,125.146225,6,5,0.006
7K011503,6.07831833,125.1462367,6,6,0.04
7K011538,6.078165,125.14591,6,7,0.012
7K011499,6.07821,125.1458117,6,8,0.016
7K011537,6.07822333,125.1456683,6,9,0.028
7K011516,6.078185,125.1454167,6,10,0.005
7K011498,6.07815833,125.145385,6,11,0.02
7K011543,6.07824167,125.1452233,6,12,0.021
7K011541,6.07840833,125.1451433,6,13,0.011
7K011542,6.07850167,125.1451667,6,14,0.005
7K011508,6.07854333,125.1451633,6,15,0.017
7K011510,6.07847167,125.1450283,6,16,0.014
7K011521,6.07845833,125.1449033,6,17,0.018
7K011528,6.07842667,125.14474,6,18,0.021
7K011544,6.07856667,125.1446167,6,19,0.013
7K011124,6.078605,125.1445017,6,20,0.011
7K011866,6.07850667,125.144495,6,21,0.021
7K011864,6.07832,125.1444983,6,22,0.029
7K011835,6.078445,125.1442633,6,23,0.027
7K011838,6.07862167,125.1441,6,24,0.019
7K011123,6.07866667,125.1439383,6,25,0.023
7K011867,6.07874833,125.143745,6,26,0.035
7K011892,6.07892167,125.1434767,6,27,0.04
7K011861,6.07856333,125.1434433,6,28,0.053
7K011862,6.07875667,125.1430017,6,29,0.097
7K011122,6.07794,125.1433117,6,30,0.034
7K011121,6.07782167,125.14303,6,31,0.112
7K011836,6.078125,125.1439933,6,32,0.006
7K011837,6.07810833,125.1440483,6,33,0.017
7K011865,6.078065,125.1441917,6,34,0.087
7K011844,6.07879833,125.1444783,6,35,0.028
7K011846,6.07903,125.1445883,6,36,0.041
7K011839,6.07877333,125.1448517,6,37,0.054
7K011843,6.07873667,125.1453367,6,38,0.043
7K011842,6.07869833,125.1457217,6,39,0.032
7K011845,6.07893333,125.145885,6,40,0.03
7K011840,6.07871167,125.1460333,6,41,0.065
7K011879,6.07911,125.14646,6,42,0.016
7K011850,6.07918833,125.1465767,6,43,0.095
7K016390,6.07987833,125.1460717,6,44,0.019
7K016389,6.079965,125.1459217,6,45,0.086
7K011851,6.079235,125.14566,6,46,0.028
7K011852,6.07920667,125.1454117,6,47,0.007
7K011849,6.07926333,125.1453833,6,48,0.039
7K011853,6.07930667,125.1450367,6,49,0.009
7K011877,6.07924167,125.144995,6,50,0.095
7K011855,6.07981,125.144355,6,51,0.034
7K011885,6.08008333,125.14421,6,52,0.01
7K011856,6.08013,125.1441333,6,53,0.055
7K011857,6.07981667,125.14375,6,54,0.045
7K011891,6.079445,125.14359,6,55,0.03
7K011848,6.07934167,125.14384,6,56,0.007
7K011884,6.07932833,125.1439017,6,57,0.014
7K011854,6.079315,125.1440267,6,58,0.02
7K011876,6.079135,125.1440283,6,59,0.184
7K011488,6.07794,125.1451783,6,60,0.0
7K014729,6.07455333,125.1248917,7,1,0.038
7K014730,6.07468333,125.12457,7,2,0.048
7K014889,6.074935,125.1249217,7,3,0.019
7K014727,6.07508667,125.1249917,7,4,0.043
7K014888,6.07545,125.12486,7,5,0.005
7K014728,6.07549833,125.12485,7,6,0.142
7K014726,6.07430333,125.12529,7,7,0.043
7K014885,6.07437833,125.1256683,7,8,0.043
7K014725,6.074515,125.1260283,7,9,0.045
7K014871,6.07417667,125.1262583,7,10,0.036
7K014716,6.07406167,125.1259533,7,11,0.071
7K014717,6.07411167,125.1265917,7,12,0.09
7K014723,6.0749,125.1264017,7,13,0.018
7K014883,6.07491667,125.1262367,7,14,0.005
7K014724,6.07488333,125.1262117,7,15,0.149
7K014715,6.07391833,125.1252783,7,16,0.249
7K014718,6.07402833,125.127525,7,17,0.035
7K014721,6.07433833,125.1274917,7,18,0.044
7K014722,6.07449667,125.1278567,7,19,0.048
7K014719,6.07409333,125.12802,7,20,0.264
7K016057,6.074225,125.1304067,7,21,0.034
7K015981,6.07410667,125.1306867,7,22,0.101
7K015954,6.074105,125.1316017,7,23,0.069
7K015951,6.07471833,125.131665,7,24,0.009
7K015986,6.074765,125.1317267,7,25,0.058
7K015952,6.07452667,125.1321983,7,26,0.065
7K015953,6.07473833,125.13275,7,27,0.047
7K015950,6.07516333,125.13277,7,28,0.039
7K015916,6.075145,125.1324183,7,29,0.085
7K015984,6.07533667,125.131675,7,30,0.051
7K015915,6.07579167,125.1316467,7,31,0.006
7K015982,6.07582667,125.1316867,7,32,0.024
7K015914,6.07604,125.1317033,7,33,0.045
7K015979,6.07644667,125.131675,7,34,0.132
7K015968,6.077635,125.13171,7,35,0.068
7K015913,6.07787667,125.1322733,7,36,0.195
7K014133,6.07963167,125.1321767,7,37,0.119
7K014132,6.08069167,125.132025,7,38,0.074
7K014353,6.08135667,125.131955,7,39,0.047
7K014131,6.08174667,125.1317983,7,40,0.083
7K014352,6.08242,125.1321317,7,41,0.471
7K013604,6.081835,125.1279133,7,42,0.006
7K013682,6.08181,125.1278617,7,43,0.816
7K014134,6.07880167,125.1345967,7,44,0.158
7K014135,6.07870167,125.1360217,7,45,0.192
7K012885,6.07873833,125.137755,7,46,0.096
7K012886,6.07787667,125.1377683,7,47,0.04
7K012716,6.07756167,125.1379467,7,48,0.009
7K012887,6.07751333,125.1378833,7,49,0.052
7K012888,6.07771667,125.1383067,7,50,0.027
7K012889,6.07795333,125.1382733,7,51,0.49
7K010862,6.07360667,125.1390083,7,52,0.055
7K010877,6.07312,125.13907,7,53,0.033
7K010863,6.07298333,125.13881,7,54,0.019
7K010943,6.07281667,125.138845,7,55,0.031
7K010864,6.07274333,125.1385767,7,56,0.042
7K010865,6.07239667,125.138425,7,57,0.079
7K010867,6.07197667,125.13785,7,58,0.048
7K010871,6.07157167,125.1379967,7,59,0.67
7K015955,6.07320667,125.1321683,7,60,0.0
7K015338,6.09342667,125.138875,8,1,0.021
7K015339,6.09343,125.1390667,8,2,0.061
7K015340,6.093045,125.1386783,8,3,0.086
7K016714,6.09252833,125.1392517,8,4,0.099
7K016710,6.09190667,125.1386067,8,5,0.053
7K016851,6.09145333,125.1387467,8,6,0.014
7K016719,6.09142333,125.1388717,8,7,0.051
7K016715,6.09140167,125.1384083,8,8,0.101
7K016711,6.09228167,125.1381917,8,9,0.018
7K016712,6.09244,125.1381633,8,10,0.205
7K015337,6.09323167,125.1398383,8,11,0.09
7K015345,6.09317167,125.1406467,8,12,0.088
7K015336,6.09360167,125.1413117,8,13,0.032
7K015346,6.09356833,125.141595,8,14,0.058
7K015347,6.09350333,125.142115,8,15,0.043
7K015335,6.09338333,125.14248,8,16,0.031
7K015328,6.09310667,125.1425083,8,17,0.046
7K015641,6.092955,125.1421217,8,18,0.035
7K015750,6.09264667,125.1421767,8,19,0.037
7K015642,6.09233,125.1420817,8,20,0.028
7K015749,6.09207833,125.14211,8,21,0.024
7K015643,6.09200833,125.1419067,8,22,0.007
7K015751,6.092055,125.1418583,8,23,0.043
7K015640,6.09181,125.142165,8,24,0.02
7K015754,6.09162667,125.1421567,8,25,0.012
7K015644,6.09152167,125.1421767,8,26,0.044
7K015639,6.09124667,125.1424667,8,27,0.081
7K015646,6.09051667,125.1424433,8,28,0.045
7K015638,6.09011167,125.142445,8,29,0.052
7K015764,6.089775,125.1421133,8,30,0.028
7K015647,6.08965333,125.1423333,8,31,0.031
7K015648,6.08938,125.142305,8,32,0.171
7K015636,6.08787333,125.142635,8,33,0.029
7K015811,6.08784167,125.142895,8,34,0.003
7K015649,6.08787,125.1428983,8,35,0.057
7K015650,6.08744167,125.1431767,8,36,0.09
7K015814,6.08676,125.14361,8,37,0.346
7K015452,6.08984667,125.1439933,8,38,0.003
7K015326,6.08984333,125.1440217,8,39,0.042
7K015323,6.08991,125.1444,8,40,0.054
7K015449,6.09038167,125.14452,8,41,0.022
7K015324,6.09044333,125.1443317,8,42,0.038
7K015325,6.09077167,125.1444417,8,43,0.016
7K015322,6.09070667,125.1445683,8,44,0.034
7K015448,6.09097833,125.1447183,8,45,0.033
7K015321,6.09118,125.1445,8,46,0.006
7K015447,6.091235,125.1445117,8,47,0.065
7K015319,6.09161333,125.1449633,8,48,0.028
7K015445,6.09180333,125.1447967,8,49,0.008
7K015318,6.09187333,125.14477,8,50,0.034
7K015320,6.09190167,125.1450783,8,51,0.073
7K015317,6.09229833,125.14455,8,52,0.011
7K015316,6.092325,125.14445,8,53,0.025
7K015315,6.09223167,125.1442433,8,54,0.092
7K015333,6.09290833,125.1437667,8,55,0.03
7K015330,6.09315667,125.1436633,8,56,0.035
7K015334,6.09320333,125.1433467,8,57,0.03
7K015332,6.09293667,125.1433467,8,58,0.103
7K015327,6.09252333,125.1425117,8,59,0.249
7K016709,6.09236333,125.1402683,8,60,0.0
7K012482,6.0824,125.1407167,9,1,0.034
7K012464,6.08268333,125.14084,9,2,0.009
7K012330,6.082755,125.1408783,9,3,0.047
7K012481,6.08281167,125.14046,9,4,0.021
7K012331,6.08290667,125.1402967,9,5,0.048
7K012477,6.08282167,125.139875,9,6,0.034
7K012324,6.08254167,125.1399967,9,7,0.038
7K012333,6.08242833,125.140325,9,8,0.018
7K012480,6.082275,125.14037,9,9,0.051
7K012336,6.08182667,125.1404483,9,10,0.043
7K012813,6.08152667,125.1406967,9,11,0.044
7K012350,6.08131667,125.1403633,9,12,0.008
7K012810,6.081245,125.14038,9,13,0.044
7K012349,6.08153833,125.14011,9,14,0.018
7K012805,6.08147833,125.1399583,9,15,0.042
7K012348,6.08146667,125.139575,9,16,0.031
7K012344,6.08145833,125.139295,9,17,0.009
7K012486,6.08150667,125.1392333,9,18,0.066
7K012345,6.081025,125.139585,9,19,0.033
7K012807,6.08072833,125.1396067,9,20,0.024
7K012347,6.080525,125.1395267,9,21,0.008
7K012346,6.080455,125.13955,9,22,0.015
7K012487,6.08034333,125.1396333,9,23,0.093
7K012351,6.08074167,125.1403733,9,24,0.038
7K012352,6.08074667,125.14072,9,25,0.025
7K012822,6.08052333,125.1407133,9,26,0.04
7K012683,6.08019167,125.1408417,9,27,0.057
7K012824,6.080635,125.141105,9,28,0.005
7K012354,6.08067,125.1411333,9,29,0.062
7K012353,6.08122667,125.1411067,9,30,0.057
7K012684,6.08157167,125.1414917,9,31,0.056
7K012685,6.082075,125.141485,9,32,0.017
7K012317,6.08220833,125.1415633,9,33,0.051
7K012462,6.08261333,125.1413433,9,34,0.015
7K012318,6.08274833,125.141355,9,35,0.108
7K016370,6.08362167,125.14179,9,36,0.064
7K012319,6.08375667,125.1412283,9,37,0.009
7K012320,6.0838,125.1411583,9,38,0.018
7K012466,6.08383667,125.1409983,9,39,0.03
7K012328,6.083835,125.1407267,9,40,0.009
7K012322,6.08385,125.14065,9,41,0.044
7K012326,6.08392333,125.1402633,9,42,0.224
7K016369,6.08491833,125.1420267,9,43,0.065
7K016366,6.08473833,125.14259,9,44,0.075
7K016365,6.08433333,125.14313,9,45,0.33
7K012316,6.08156167,125.1420567,9,46,0.047
7K012315,6.08118833,125.14185,9,47,0.044
7K012830,6.08079167,125.1418667,9,48,0.032
7K012459,6.08050167,125.1418383,9,49,0.178
7K011859,6.07965667,125.14321,9,50,0.035
7K011858,6.079875,125.14344,9,51,0.095
7K016371,6.08057167,125.1439433,9,52,0.028
7K016377,6.080585,125.1441967,9,53,0.027
7K016372,6.08057667,125.1444433,9,54,0.003
7K016374,6.08055333,125.144455,9,55,0.227
7K011863,6.07906,125.1430617,9,56,0.393
7K012718,6.07730167,125.1399783,9,57,0.012
7K012897,6.07720167,125.1400083,9,58,0.008
7K012717,6.07714333,125.1400517,9,59,0.528
7K012343,6.081885,125.1397917,9,60,0.0
7K014202,6.08442,125.1320283,10,1,0.01
7K013867,6.08450333,125.1320533,10,2,0.007
7K014110,6.084565,125.1320283,10,3,0.026
7K014128,6.08433,125.1320417,10,4,0.025
7K014350,6.084315,125.1322717,10,5,0.006
7K014129,6.084295,125.13232,10,6,0.009
7K014130,6.08437167,125.1323283,10,7,0.035
7K014351,6.08457833,125.1325633,10,8,0.059
7K014200,6.08486833,125.13212,10,9,0.056
7K014109,6.08536333,125.132055,10,10,0.033
7K014112,6.08541667,125.1317633,10,11,0.095
7K014124,6.08457333,125.1316567,10,12,0.026
7K014324,6.08444667,125.1314583,10,13,0.013
7K014125,6.08433333,125.1314717,10,14,0.019
7K014325,6.08417,125.131535,10,15,0.016
7K014127,6.084035,125.1314817,10,16,0.02
7K014126,6.08415333,125.1313433,10,17,0.382
7K013607,6.08383167,125.1279067,10,18,0.038
7K013606,6.083495,125.1279467,10,19,0.032
7K013685,6.08321833,125.1278733,10,20,0.024
7K013232,6.083075,125.12771,10,21,0.015
7K013158,6.08317667,125.1276267,10,22,0.048
7K013605,6.08287,125.127935,10,23,0.012
7K013684,6.082765,125.1279383,10,24,0.066
7K013220,6.08256,125.127375,10,25,0.044
7K013157,6.08285333,125.1271067,10,26,0.044
7K013156,6.08252667,125.126885,10,27,0.073
7K013155,6.08193667,125.1271733,10,28,0.036
7K013152,6.081615,125.127195,10,29,0.045
7K013226,6.08169,125.1267983,10,30,0.038
7K013151,6.08161833,125.12646,10,31,0.123
7K013153,6.082,125.1275017,10,32,0.023
7K013154,6.08198333,125.1277067,10,33,0.015
7K013683,6.08201833,125.127835,10,34,0.181
7K013160,6.08345667,125.12706,10,35,0.063
7K013235,6.08379833,125.1275117,10,36,0.083
7K013161,6.084535,125.12763,10,37,0.037
7K013608,6.08475833,125.127875,10,38,0.006
7K013687,6.08479833,125.12791,10,39,0.095
7K013239,6.08506667,125.1270983,10,40,0.036
7K013166,6.08534333,125.126935,10,41,0.098
7K013253,6.08447,125.1268233,10,42,0.184
7K013167,6.08574167,125.1278867,10,43,0.023
7K013609,6.08594167,125.127935,10,44,0.042
7K013688,6.08632167,125.1279517,10,45,0.026
7K013610,6.08654667,125.127885,10,46,0.022
7K013611,6.08673833,125.1279467,10,47,0.097
7K013203,6.0869,125.127085,10,48,0.051
7K013254,6.08703667,125.1266433,10,49,0.024
7K013204,6.08704,125.1264233,10,50,0.024
7K013206,6.086825,125.1264283,10,51,0.055
7K013261,6.086335,125.1264667,10,52,0.223
7K013691,6.08820833,125.127175,10,53,0.009
7K013613,6.08823,125.1272517,10,54,0.996
7K012709,6.08645333,125.1360833,10,55,0.063
7K012710,6.08589167,125.1359867,10,56,0.032
7K012687,6.08578,125.13625,10,57,0.005
7K012711,6.08573333,125.13625,10,58,1.89
7K014711,6.07594,125.12228,10,59,0.035
7K014841,6.075625,125.12228,10,60,0.0
7K015344,6.09301,125.1381117,11,1,0.002
7K015341,6.09301333,125.1380933,11,2,0.015
7K015465,6.093035,125.1382283,11,3,0.042
7K015468,6.09302333,125.137845,11,4,0.048
7K015343,6.09272333,125.1375367,11,5,0.054
7K016734,6.092485,125.1371133,11,6,0.07
7K016732,6.09191667,125.1368383,11,7,0.044
7K016731,6.091695,125.1365083,11,8,0.037
7K016855,6.09141167,125.1366917,11,9,0.12
7K016725,6.091195,125.137755,11,10,0.019
7K016721,6.091335,125.1378533,11,11,0.042
7K016716,6.091025,125.1380633,11,12,0.072
7K016717,6.09067333,125.1375183,11,13,0.022
7K016730,6.09052,125.1373867,11,14,0.073
7K016746,6.08999333,125.1377883,11,15,0.144
7K016747,6.089075,125.1387067,11,16,0.07
7K016748,6.08872,125.1381817,11,17,0.053
7K016749,6.088405,125.1385467,11,18,0.103
7K012689,6.08749667,125.1383817,11,19,0.006
7K012842,6.08746833,125.138335,11,20,0.048
7K012690,6.08716667,125.13803,11,21,0.034
7K012846,6.08688,125.1379183,11,22,0.029
7K012688,6.08663667,125.1380183,11,23,0.009
7K012691,6.08656167,125.137995,11,24,0.071
7K012857,6.08660333,125.1373583,11,25,0.027
7K012696,6.08684333,125.1373567,11,26,0.028
7K012870,6.08706333,125.1372317,11,27,0.032
7K012697,6.086915,125.1369833,11,28,0.024
7K012864,6.08670833,125.1370517,11,29,0.02
7K012693,6.08654,125.137105,11,30,0.039
7K012847,6.08629,125.1373567,11,31,0.067
7K012831,6.08605333,125.1368,11,32,0.033
7K012694,6.08622667,125.1365633,11,33,0.037
7K012692,6.08591167,125.1364583,11,34,0.033
7K012848,6.08611167,125.1362433,11,35,0.07
7K012695,6.08655,125.1367,11,36,0.079
7K012698,6.08709667,125.13625,11,37,0.021
7K012879,6.08706,125.13606,11,38,0.038
7K012872,6.08739,125.1361533,11,39,0.024
7K012700,6.08760167,125.136175,11,40,0.024
7K012708,6.087705,125.135985,11,41,0.033
7K012702,6.08788333,125.1362233,11,42,0.038
7K012703,6.088095,125.13595,11,43,0.011
7K012875,6.088195,125.135925,11,44,0.046
7K012706,6.088605,125.1359817,11,45,0.093
7K012873,6.08823833,125.136735,11,46,0.239
7K012841,6.08706,125.13854,11,47,0.11
7K016751,6.08748833,125.1394333,11,48,0.212
7K016752,6.08706667,125.1413067,11,49,0.108
7K015637,6.08659833,125.14216,11,50,0.057
7K015652,6.08639667,125.1426367,11,51,0.02
7K016753,6.08628,125.1427733,11,52,0.141
7K016367,6.08508,125.1423717,11,53,0.889
7K016729,6.09036833,125.1363417,11,54,0.235
7K016868,6.09236,125.13563,11,55,0.004
7K016745,6.09239333,125.1356333,11,56,0.07
7K016864,6.092855,125.1360683,11,57,0.043
7K016741,6.09311667,125.1357817,11,58,0.076
7K016740,6.093425,125.1363983,11,59,0.085
7K016735,6.09266167,125.1364683,11,60,0.0
7K011111,6.07545833,125.1429583,12,1,0.029
7K011211,6.07571833,125.1429817,12,2,0.048
7K011208,6.07614,125.1428733,12,3,0.049
7K011105,6.07612167,125.1424317,12,4,0.058
7K011106,6.07663667,125.142355,12,5,0.063
7K011832,6.07694333,125.1428317,12,6,0.063
7K011107,6.07735,125.1424317,12,7,0.255
7K011214,6.07511167,125.1429467,12,8,0.002
7K011113,6.07511,125.1429617,12,9,0.046
7K011112,6.07471,125.1428667,12,10,0.014
7K011213,6.07464833,125.14298,12,11,0.034
7K011212,6.07434667,125.1429783,12,12,0.052
7K011847,6.07388,125.1429417,12,13,0.006
7K011831,6.07383,125.142935,12,14,0.024
7K011833,6.073625,125.1428683,12,15,0.106
7K011103,6.07448333,125.1424567,12,16,0.032
7K011207,6.07477167,125.1424283,12,17,0.232
7K014840,6.07305,125.1412417,12,18,0.119
7K010861,6.07306,125.1401617,12,19,0.018
7K010942,6.07317667,125.1400533,12,20,0.109
7K014839,6.07412667,125.1397983,12,21,0.059
7K014838,6.07448,125.1401967,12,22,0.02
7K014138,6.07465667,125.140145,12,23,0.072
7K014137,6.07528833,125.1400183,12,24,0.085
7K014136,6.07605333,125.1400183,12,25,0.418
7K010860,6.07237333,125.1392683,12,26,0.054
7K010364,6.07190667,125.13913,12,27,0.034
7K010367,6.07162,125.1392333,12,28,0.024
7K010366,6.071595,125.1394483,12,29,0.042
7K010368,6.071215,125.1394167,12,30,0.058
7K010859,6.07128167,125.1388983,12,31,0.044
7K010872,6.07166167,125.1387733,12,32,0.034
7K010869,6.07196833,125.138785,12,33,0.022
7K010866,6.072165,125.1387983,12,34,0.165
7K010873,6.07084333,125.1381267,12,35,0.02
7K010874,6.07081667,125.1379483,12,36,0.192
7K010370,6.07033333,125.1396133,12,37,0.071
7K010373,6.06982333,125.140005,12,38,0.167
7K010651,6.06885333,125.1411533,12,39,0.016
7K010655,6.06876833,125.141275,12,40,0.083
7K010656,6.06872,125.14202,12,41,0.061
7K010660,6.06923333,125.1422117,12,42,0.033
7K010667,6.06953333,125.1422283,12,43,0.218
7K016774,6.06772167,125.1414783,12,44,0.501
7K017216,6.068305,125.136985,12,45,0.023
7K016755,6.06827667,125.13678,12,46,0.016
7K017213,6.06841667,125.1367967,12,47,0.012
7K017212,6.06845333,125.13669,12,48,0.007
7K016754,6.06851167,125.1366733,12,49,0.041
7K016756,6.068145,125.13667,12,50,0.013
7K016757,6.06804667,125.136615,12,51,1.504
7K014731,6.07421,125.1245067,12,52,0.036
7K014714,6.07403333,125.124235,12,53,0.062
7K014896,6.07418,125.1236933,12,54,0.042
7K014847,6.07389,125.1234467,12,55,0.038
7K014712,6.07400667,125.1231217,12,56,0.074
7K014733,6.074605,125.1234083,12,57,0.039
7K014732,6.07463167,125.1237633,12,58,0.141
7K014713,6.07338833,125.1235367,12,59,0.175
7K014842,6.07436833,125.1223017,12,60,0.0
7K016430,6.07976833,125.1471617,13,1,0.099
7K016428,6.08060167,125.1468367,13,2,0.046
7K016427,6.08098833,125.1467017,13,3,0.071
7K016382,6.08096667,125.1460583,13,4,0.042
7K016385,6.08059167,125.1459933,13,5,0.036
7K016387,6.08044833,125.1456967,13,6,0.073
7K016375,6.08108833,125.145545,13,7,0.027
7K016420,6.08100333,125.1453133,13,8,0.082
7K016378,6.08159333,125.1457567,13,9,0.03
7K016384,6.08167833,125.1460117,13,10,0.028
7K016383,6.081775,125.1462483,13,11,0.368
7K015820,6.08502333,125.146865,13,12,0.018
7K015908,6.08512667,125.1467417,13,13,0.134
7K015821,6.08538167,125.1479283,13,14,0.006
7K015909,6.08543333,125.1479367,13,15,0.084
7K015910,6.085735,125.14863,13,16,0.036
7K015822,6.08586167,125.1489267,13,17,0.083
7K015911,6.086155,125.14962,13,18,0.019
7K017211,6.08607167,125.149765,13,19,0.364
7K016265,6.08899833,125.148285,13,20,0.022
7K016264,6.08911833,125.1484483,13,21,0.465
7K015633,6.08653,125.14514,13,22,0.037
7K015634,6.08639667,125.1448367,13,23,0.018
7K015632,6.08631333,125.1446933,13,24,0.035
7K015627,6.08608333,125.14491,13,25,0.013
7K015628,6.08613667,125.1450167,13,26,0.042
7K015631,6.08589667,125.144725,13,27,0.037
7K015635,6.08608667,125.1444467,13,28,0.037
7K015816,6.08575833,125.144375,13,29,0.065
7K015655,6.085415,125.1439,13,30,0.013
7K015656,6.08537833,125.1437917,13,31,0.063
7K016364,6.08481667,125.1437417,13,32,0.121
7K015885,6.08503,125.1448183,13,33,0.195
7K015654,6.086295,125.1435933,13,34,0.966
7K014151,6.07843667,125.1473283,13,35,0.025
7K014152,6.07828833,125.1475,13,36,0.024
7K014396,6.07813333,125.1476467,13,37,0.006
7K014397,6.07816333,125.1476917,13,38,0.044
7K014399,6.07778,125.1477767,13,39,0.064
7K014406,6.07795167,125.148325,13,40,0.025
7K014408,6.07776167,125.1484417,13,41,0.006
7K014409,6.07773667,125.148485,13,42,0.013
7K014412,6.07768333,125.14859,13,43,0.027
7K014410,6.07755167,125.148385,13,44,0.126
7K014155,6.07866167,125.1481367,13,45,0.532
7K011118,6.07660333,125.14379,13,46,0.002
7K011117,6.076585,125.1437917,13,47,0.026
7K011116,6.07639667,125.1436467,13,48,0.025
7K011268,6.07628167,125.143845,13,49,0.05
7K011255,6.07631833,125.1433917,13,50,0.021
7K011115,6.07614667,125.14332,13,51,0.038
7K011108,6.076005,125.1430033,13,52,0.032
7K011210,6.076285,125.142945,13,53,0.07
7K011216,6.07565833,125.1429967,13,54,0.087
7K011114,6.074965,125.1433633,13,55,0.292
7K011120,6.07757,125.14305,13,56,1.884
7K015342,6.09364333,125.1376483,13,57,0.075
7K016736,6.09359333,125.1369733,13,58,0.067
7K016737,6.09386,125.1364267,13,59,0.162
7K016743,6.09408333,125.1349833,13,60,0.0
7K012370,6.06859333,125.15444,14,1,0.009
7K012369,6.06854,125.1543817,14,2,0.024
7K012368,6.06849333,125.1541717,14,3,0.026
7K012367,6.06863,125.1539783,14,4,0.025
7K012366,6.06848833,125.1538083,14,5,0.107
7K012719,6.06834667,125.1547633,14,6,0.016
7K012720,6.06844,125.1548717,14,7,0.116
7K012722,6.06907667,125.1557,14,8,0.009
7K012729,6.06910833,125.1557733,14,9,0.009
7K012728,6.06903667,125.15581,14,10,0.012
7K012723,6.06899333,125.1559133,14,11,0.013
7K012726,6.069045,125.1560217,14,12,0.044
7K012738,6.06939,125.155825,14,13,0.006
7K012737,6.06937,125.1557783,14,14,0.012
7K012736,6.06939833,125.1556717,14,15,0.009
7K012730,6.06932,125.155645,14,16,0.006
7K012731,6.06926667,125.1556233,14,17,0.032
7K012735,6.06943167,125.155385,14,18,0.102
7K012741,6.07025,125.1549717,14,19,0.046
7K011142,6.07064833,125.1548483,14,20,0.034
7K011154,6.07056833,125.15455,14,21,0.017
7K012742,6.07058833,125.1543983,14,22,0.011
7K011135,6.07068,125.1544383,14,23,0.035
7K011156,6.07059,125.1541333,14,24,0.011
7K011133,6.0706,125.1540367,14,25,0.033
7K012743,6.07041167,125.1542667,14,26,0.073
7K010900,6.07089833,125.153825,14,27,0.008
7K010899,6.07085167,125.153765,14,28,0.04
7K010897,6.07102667,125.1534517,14,29,0.051
7K010896,6.07148833,125.153455,14,30,0.017
7K011161,6.07163833,125.1534683,14,31,0.048
7K010895,6.07173333,125.153045,14,32,0.026
7K010894,6.07164667,125.1528233,14,33,0.008
7K010890,6.07157833,125.152795,14,34,0.024
7K010888,6.07179333,125.1528133,14,35,0.009
7K011414,6.07186,125.1527617,14,36,0.011
7K010886,6.07195667,125.1527833,14,37,0.011
7K010887,6.07202,125.152855,14,38,0.016
7K011412,6.07197333,125.15299,14,39,0.014
7K011411,6.07200667,125.1531083,14,40,0.008
7K011410,6.07204667,125.15317,14,41,0.007
7K011409,6.07209333,125.1532167,14,42,0.004
7K011408,6.07212333,125.153205,14,43,0.024
7K011736,6.07233,125.153275,14,44,0.022
7K011203,6.07220167,125.1534233,14,45,0.021
7K011167,6.07220833,125.1536167,14,46,0.014
7K011165,6.072085,125.1535833,14,47,0.031
7K011172,6.07221167,125.153835,14,48,0.029
7K011202,6.07244,125.1537033,14,49,0.092
7K011738,6.07236333,125.1528717,14,50,0.023
7K011739,6.07243,125.1526733,14,51,0.009
7K011740,6.07248333,125.1526117,14,52,0.012
7K011741,6.07246,125.1525033,14,53,0.016
7K011744,6.07243833,125.1523633,14,54,0.017
7K010881,6.07232333,125.152265,14,55,0.015
7K010879,6.07242833,125.1521733,14,56,0.036
7K010878,6.07256167,125.1518783,14,57,0.081
7K010882,6.07203333,125.1523833,14,58,0.034
7K011734,6.07221333,125.15263,14,59,0.384
7K012355,6.06879667,125.15211,14,60,0.0
7K010852,6.06723833,125.1429217,15,1,0.027
7K016706,6.06699833,125.14296,15,2,0.041
7K016839,6.06709167,125.14332,15,3,0.024
7K016707,6.06730333,125.143275,15,4,0.01
7K016840,6.06738167,125.143325,15,5,0.105
7K010853,6.06827333,125.1430067,15,6,0.036
7K010849,6.068585,125.1429233,15,7,0.035
7K010855,6.06889167,125.1429933,15,8,0.044
7K010856,6.069285,125.142945,15,9,0.035
7K010665,6.06955333,125.1427767,15,10,0.009
7K010666,6.06957167,125.142695,15,11,0.011
7K010664,6.06956667,125.1425967,15,12,0.054
7K010661,6.06917167,125.142305,15,13,0.036
7K010658,6.06885333,125.1423633,15,14,0.005
7K010659,6.06881,125.14235,15,15,0.034
7K010699,6.06850667,125.14231,15,16,0.002
7K010652,6.06848833,125.1423133,15,17,0.006
7K010653,6.06844,125.1422833,15,18,0.193
7K010848,6.07003167,125.1429783,15,19,0.012
7K010937,6.07013833,125.1429433,15,20,0.093
7K010029,6.070755,125.143505,15,21,0.016
7K009799,6.07083333,125.1436217,15,22,0.027
7K010939,6.07065,125.1437883,15,23,0.001
7K010858,6.07064,125.143795,15,24,0.023
7K011092,6.07081833,125.143905,15,25,0.052
7K010074,6.07118167,125.143605,15,26,0.01
7K010001,6.07126833,125.1435783,15,27,0.069
7K010008,6.07187667,125.1436817,15,28,0.022
7K010080,6.07206167,125.1436233,15,29,0.023
7K010081,6.07196333,125.14344,15,30,0.002
7K010009,6.07194667,125.1434367,15,31,0.043
7K010007,6.07232167,125.143325,15,32,0.033
7K010013,6.0723,125.1436267,15,33,0.042
7K010010,6.07251667,125.1439383,15,34,0.01
7K010012,6.07255667,125.1440233,15,35,0.038
7K014141,6.07275833,125.1442967,15,36,0.036
7K014142,6.07304333,125.14446,15,37,0.018
7K014143,6.073205,125.14449,15,38,0.014
7K014144,6.07332333,125.1444417,15,39,0.015
7K011137,6.07322167,125.1443583,15,40,0.034
7K014145,6.07335667,125.14463,15,41,0.019
7K014146,6.07351667,125.1445617,15,42,0.039
7K011141,6.073545,125.14421,15,43,0.071
7K010011,6.07296,125.1439583,15,44,0.075
7K014140,6.07240667,125.1443517,15,45,0.028
7K011098,6.072225,125.14417,15,46,0.134
7K010015,6.07252333,125.1429933,15,47,0.011
7K010014,6.07244,125.1429433,15,48,0.362
7K014147,6.07486167,125.145125,15,49,0.019
7K014148,6.07502667,125.1450883,15,50,0.007
7K016708,6.07502667,125.1450283,15,51,0.027
7K014149,6.07514167,125.1452433,15,52,0.035
7K014150,6.07543,125.1453767,15,53,0.421
7K014411,6.07756833,125.1485167,15,54,0.019
7K014413,6.077705,125.1486183,15,55,0.042
7K014417,6.077745,125.1489967,15,56,0.08
7K014419,6.07820833,125.1495483,15,57,0.435
7K011755,6.074985,125.1517767,15,58,0.036
7K011754,6.07466833,125.1517183,15,59,0.029
7K011753,6.07441333,125.151775,15,60,0.0
7K011750,6.07413333,125.151795,16,1,0.009
7K011751,6.07419,125.1518517,16,2,0.729
7K013863,6.06824,125.14908,16,3,0.184
7K013862,6.06831333,125.1474183,16,4,0.95
7K012727,6.06889833,125.1559867,16,5,0.0
